# Welcome to Omsk — Chinese literary polish
# 依据 cuimao-translator 精翻：信达雅 / elegant+storytelling；逐条人工润色
# format: < source / > translation

< Я
> 我

< Попутчица
> 女旅伴

< Связной
> 接头人

< Омская Птица
> 鄂木斯克之鸟

< Надя
> 娜佳

< Прохожий
> 路人

< Попутчик
> 男旅伴

< Девочка
> 女孩

< Старик
> 老人

< Голос
> 声音

< Проститутка
> 妓女

< Девушка
> 姑娘

< Таксист
> 出租车司机

< Ведущий
> 主持人

< Телефон
> 电话

< Санитар 1
> 护理员 1

< Санитар 2
> 护理员 2

< Ночь...
> 夜……

< Стук барабанов...
> 鼓声……

< Ритмичный стук тысяч барабанов...
> 成千上万面鼓，有节奏地敲着……

< Они не приближаются, но и не отступают...
> 不靠近，也不退去……

< Они просто есть.
> 它们只是存在着。

< Нет...
> 不……

< Это не барабаны...
> 那不是鼓……

< Это стучат колеса поезда.
> 那是火车的车轮在响。

< Несколько часов назад — а, скорее, много-много дней назад...
> 几小时前——不，更像许多许多天以前……

< ...я запер себя в стальном саркофаге, мчащемся сквозь тьму,...
> ……我把自己关进一具钢铁棺椁，在黑暗中疾驰，……

< ...посреди истощённой земли, изрезанной шрамами мёртвых рек,...
> ……穿越枯竭的大地，死河的伤痕纵横交错，……

< ...посреди безжизненной пустыни, вспоротой чёрной лентой железной дороги.
> ……穿越死寂的荒原，铁路像一道黑带把它剖开。

< Лязг металла глушит стоны сотен душ,...
> 金属的撞击声淹没了成百上千个灵魂的呻吟，……

< ...заплативших за проезд до перрона Города Мёртвых своим бессмертием.
> ……他们拿自己的不死当车票，买到了驶往「死者之城」站台的旅程。

< В вагоне душно.
> 车厢里闷热难耐。

< Так и должно быть в затхлой гробнице, где мумии дожидаются своей очереди.
> 发霉的墓穴里本该如此——木乃伊们排队，等候轮到自己。

< Впрочем, все это — игра усталого воображения, обреченная на ничью.
> 不过这一切不过是疲惫想象的把戏，注定不输不赢。

< Я еду в Омск.
> 我正前往鄂木斯克。

< Это звучит странно, даже глупо, но я еду в Омск.
> 听着荒唐，甚至愚蠢——可我确实正前往鄂木斯克。

< Еще недавно я бы рассмеялся в лицо тому, кто сказал бы мне, что я окажусь в поезде,
> 就在不久前，若有人对我说我会坐上这趟火车，

< который идет в Омск.
> 开往鄂木斯克——我一定会当面笑他。

< — Дзин-нь!
> ——叮铃！

< ...раздаётся в тишине звон от удара ложечкой по стеклянному стакану.
> ……寂静里，茶匙敲在玻璃杯上，一声脆响。

< Это моя соседка по купе.
> 是同包厢的女邻座。

< Остальные вышли шестьсот шестьдесят шесть остановок назад.
> 其余人早在六百六十六站之前就下了车。

< Мне кажется, я ехал с этими людьми целую вечность.
> 我觉得自己和这些人同行了整整一个永恒。

< Осталась только она одна.
> 只剩她一个了。

< Мрачная студентка, пьющая чай стакан за стаканом.
> 阴郁的女学生，一杯接一杯地喝茶。

< У нас с ней идеальные отношения.
> 我们之间的关系堪称完美。

< Она не обращает на меня никакого внимания.
> 她对我视若无睹。

< Я не обращаю никакого внимания на неё.
> 我对她也一样。

< Мы могли бы быть отличной парой.
> 我们本可以是绝配。

< Кого-нибудь другого этот звон свёл бы с ума.
> 换作别人，这铃声早能把人逼疯。

< Мне же он помогает сохранить рассудок.
> 对我来说，它倒像是在帮我抓住理智。

< Вырывает меня из пучины забытья.
> 把我从遗忘的深渊里拉出来。

< Заставляет оглядеться по сторонам и задуматься, что я тут делаю.
> 逼我环顾四周，想想自己到底在这儿干什么。

< Я пытаюсь вспомнить, как я попал сюда.
> 我试着回想：自己是怎么落到这儿来的。

< Я выхожу в коридор вагона.
> 我走到车厢走廊上。

< Становлюсь у окна.
> 我在窗边站定。

< Мимо проносится однообразный пейзаж.
> 单调的风景飞掠而过。

< Деревья, сухие деревья умоляют  темное небо о чем-то, простирая к нему кривые ветви.
> 树木——干枯的树木——朝暗沉的天空伸出扭曲的枝桠，像在乞求什么。

< Деревья, сухие деревья умоляют темное небо о чем-то, простирая к нему кривые ветви.
> 树木——干枯的树木——朝暗沉的天空伸出扭曲的枝桠，像在乞求什么。

< Мне кажется, что порой я замечаю между деревьями тень, неотступно следующую за поездом.
> 偶尔，我仿佛看见树丛之间有一道影子，寸步不离地跟着火车。

< Рядом со мной раздается голос:
> 身旁响起一个声音：

< - Красивые у нас места, не правда ли?
> - 我们这儿景色不错，对吧？

< Еще один.
> 又来一个。

< Я оборачиваюсь. Лысоватый добродушный мужичок становится рядом, разглядывая ночь за окном.
> 我转过身。一个微秃、模样和善的汉子站到身旁，打量着窗外的夜色。

< - У вас - это где?
> - 「我们这儿」——是哪儿？

< Удивленно смотрит на меня.
> 他讶异地望着我。

< - Как где, здесь, под Омском. Родные края. Сто лет не был!
> - 还问哪儿？就这儿啊，鄂木斯克郊外。老家。一百年没回来了！

< - А я буду в первый раз.
> - 我可是头一回。

< Приободряется.
> 他来了精神。

< Вам совершенно точно понравится Омск! Вы не захотите уезжать!
> 您一定会喜欢鄂木斯克！走都舍不得走！

< Как бы не так.
> 哪有那么美。

< - Обязательно посмотрите достопримечательности. У нас есть замечательный природный памятник, пускай и дикий слегка...
> - 一定要看看名胜。我们有一处绝妙的自然遗迹，只不过野了些……

< - Он называется Птичья Гавань. Настоящий приют для тысяч мигрирующих птиц.
> - 叫鸟港。成千上万只候鸟的真正庇护所。

< - Берега Иртыша в этом месте осенью заполняются ими, сплошным покровом пернатых тел — представляете? Здесь-то наши ученые их и — хлоп! - окольцовывают.
> - 一到秋天，额尔齐斯河岸就被它们铺满，密密一层羽毛的身体——您能想象吗？我们的学者就在这儿——啪！——给它们套上环。

<  - Окольцовывают? Зачем?
>  - 套环？干什么？

< - Что значит - зачем? Чтобы орнитологи на другом конце страны или даже на другом континенте, поймав птицу, могли прочитать на кольце, в каких местах эта птица останавливалась на пути своей миграции.
> - 什么叫干什么？好让国土另一头、甚至另一个大陆的鸟类学家捉住鸟时，能从环上读出：这只鸟迁徙途中在哪儿歇过脚。

< - И что они прочитают? Что птица останавливалась в Омске?
> - 那他们读到的是什么？鸟在鄂木斯克停过？

< - Ну да...Вроде того..
> - 嗯……差不多吧……

< Мой нечаянный собеседник какое-то время по инерции рассказывает мне про Омск, Иртыш, и что-то еще, но видя, что я не слушаю, понимает, что разговор со мной окончен.
> 这位不期而遇的聊伴还凭惯性絮叨着鄂木斯克、额尔齐斯河，还有别的什么；见我不听，才明白这谈话到头了。

< Он молча смотрит в окно, разминая в пальцах длинную папиросу.
> 他默默望着窗外，手指揉搓着一根细长的纸烟。

< Я возвращаюсь в свое купе.
> 我回到自己的包厢。

< Я силюсь понять, почему я все-таки еду в Омск.
> 我拼命想弄清：自己到底为什么还要去鄂木斯克。

< Нет, не то что бы у меня не было на то веских причин.
> 倒不是没有充足的理由。

< Причины есть.
> 理由是有的。

< Кое-что у меня в чемоданчике.
> 小箱子里装着点东西。

< Сером чемоданчике — в таких носят книжный хлам.
> 灰色小箱——就是那种常用来装破书旧纸的。

< Я согласился взять с собой серый чемоданчик
> 我答应带上这只灰色小箱，

< с десятью килограммами синтетического мескалина.
> 里面是十公斤合成麦司卡林。

< Но зачем?
> 可是——为什么？

< — Что значит — «зачем»?
> ——什么叫「为什么」？

< Кажется, я произнёс свой вопрос вслух.
> 好像我把问题说出了口。

< Соседка смотрит на меня подозрительным взглядом.
> 邻座用怀疑的目光盯着我。

< Её голос оказался хриплым и неприятным.
> 她的嗓音又哑又刺耳。

< Нельзя сказать, что я ожидал чего-то иного.
> 也不能说我指望过别的什么。

< Но всё же...
> 可即便如此……

< Я заговариваю с попутчицей.
> 我跟女旅伴搭话。

< Я ничего не отвечаю.
> 我什么也不回答。

< - Не обращайте внимания. Издержки внутреннего диалога.
> - 别在意。内心独白的副作用罢了。

< Она явно думает, что я не в себе.
> 她显然觉得我神志不清。

< Она совершенно права.
> 她说得一点不错。

< Чтобы как-то разрядить обстановку, я задаю вопрос:
> 为了缓和气氛，我问道：

< - У вас книжка на столике. Вы ни разу ее не открывали. Не очень интересная?
> - 您桌上那本书，一次都没打开过。不太好看？

< - Интересная. Просто я помню многое наизусть. И открываю только если начинаю забывать.
> - 好看。只是许多内容我都背得下来。快忘了才翻开。

< - Стихи?
> - 诗？

< Утвердительно кивает.
> 她点头。

< - Эдгар По.
> - 埃德加·爱伦·坡。

< - Процитируете что-нибудь на память?
> - 能背一段吗？

< Задумчиво прищуривается.
> 她若有所思地眯起眼。

< - Ты пророк, - вскричал я, - вещий! Птица ты - иль дух зловещий,
> - 「你是先知！」我喊道，「先知啊！你是鸟——还是不祥的精魂，

< - Этим небом, что над нами, - богом, скрытым навсегда, -
> - 凭我们头顶的苍穹——凭那永隐的上帝——

< - Заклинаю, умоляя, мне сказать - в пределах Рая
> - 我恳求你告诉我：在天堂的疆界里，

< - Мне откроется ль святая, что средь ангелов всегда,
> - 那位永在天使中间的圣女，会否向我显现——

< - Та, которую Ленорой в небесах зовут всегда?
> - 天上的人永远唤她作丽诺尔的那一位？」

< - Каркнул ворон:..
> - 乌鸦哑叫：……

< - Никогда!...
> - 永不！……

< ...подхватываю я окончание.
> ……我接上了末句。

< - Читали?
> - 读过？

< - Нет. Но напрашивалось именно так. Никогда.
> - 没有。可只能是这个词。永不。

< Никогда.
> 永不。

< Это про меня.
> 说的就是我。

< Попутчица замечает, что я подавлен.
> 女旅伴察觉我情绪低落。

< Может быть, глаза меня выдают.
> 也许眼睛把我出卖了。

< Я сбивчиво извиняюсь, ложусь на полку и отворачиваюсь к стенке.
> 我语无伦次地道歉，爬上卧铺，脸转向墙。

< Просто ложусь и отворачиваюсь к стенке.
> 只是躺下，转向墙壁。

< Я кладу голову на чемоданчик и пытаюсь уснуть.
> 我把头枕在小箱子上，想要睡着。

< Гулко грохочут барабаны в моей голове.
> 鼓在脑子里轰鸣。

< В их грохоте я слышу однообразно повторяющийся короткий вопрос.
> 轰鸣里，我听见一个短句，机械地反复敲打。

< «Зачем-зачем?»
> 「为什么——为什么？」

< «Зачем-зачем-зачем?»
> 「为什么——为什么——为什么？」

< «Зачем-зачем-зачем-зачем?»
> 「为什么——为什么——为什么——为什么？」

< «Зачем?»
> 「为什么？」

< Я прихожу в себя от зычного голоса проводника:
> 列车员洪亮的嗓音把我惊醒：

< - ОМСК!
> - 鄂木斯克！

< Омск. Вот он, город, в который я приехал против своей воли.
> 鄂木斯克。就是这座城——我违心而来的地方。

<  - Ну что ж, добро пожаловать в Омск, - ...
>  - 好吧，欢迎来到鄂木斯克——……

< ...говорю я себе и усмехаюсь.
> ……我对自己说，冷笑一声。

< Подхватив свой неприметный чемоданчик, я выхожу на перрон.
> 提起不起眼的小箱，我走上站台。

<  - Эй, эй, ты же Семен? С посылкой, да?...
>  - 哎哎，你是谢苗吧？带货的，对吧？……

< ...догоняет меня чей-то голос.
> ……有人的声音追上来。

< Я понимаю: это связной. Он покажет мне дорогу.
> 我明白了：是接头人。他会带路。

< - Пойдем, я устал тут торчать!
> - 走吧，我在这儿耗够了！

< - Устал бы – не торчал бы,...
> - 要是真累了——就不会还在这儿耗着……

< ...отвечаю я с усмешкой.
> ……我冷笑着答道。

< На чем он торчит? Впрочем, неважно.
> 他嗑的是什么？算了，无所谓。

< Я тоже, тоже устал торчать.
> 我也一样，也耗够了。

< Вскоре мы сидим в лобби-баре местной гостиницы. «Дрянной городишко» - кажется, так писал про этот город Достоевский.
> 不久，我们坐进当地旅馆的大堂酒吧。陀思妥耶夫斯基写过这座城吧——「肮脏的小城」。

< Я пью приторно-сладкий кофе.
> 我喝着甜得发腻的咖啡。

< Связной пьет морковный сок.
> 接头人喝胡萝卜汁。

< Заботится о здоровье, не иначе.
> 还挺讲究养生——还能是别的吗。

< Я вижу по его глазам, что он давно торчит.
> 从他眼里看得出：他嗑了很久了。

< Он видит по моим глазам, что я – тоже.
> 从我眼里，他也看得出——彼此彼此。

< - Ну так что, я отдаю тебе чемодан, и мы расходимся?
> - 那怎样，箱子给你，咱们就散？

< Молчит.
> 他不说话。

< - Ты слышишь меня?
> - 听见没有？

< Отставив в сторону стакан с соком, вертит в руках соломинку.
> 他把果汁杯推开，手指转着吸管。

< - Нет, не совсем расходимся. Твоя работа здесь только начата.
> - 不，还不能散。你在这儿的活儿才刚开始。

< - Меня не предупреждали об этом.
> - 没人跟我提过这茬。

< - Зато тебя предупреждали о другом.
> - 可别的事，他们可提醒过你。

< О том, что случится с моей сестрой, если я не буду делать, как они говорят.
> ——假如我不照他们说的做，妹妹会怎样。

< Да, меня предупреждали.
> 对，提醒过。

< Ее зовут Надя. Надежда. Лучик надежды в сером мире, полном несправедливости и горя.
> 她叫娜佳。娜杰日达——希望。灰色世界里的一线希望，满是不公与苦难。

< Помню, мы вместе гоняли голубей во дворе.
> 记得我们一起在院子里撵鸽子。

< Вместе шагали по утрам в школу.
> 一起早起步行去上学。

< Вместе пускали кораблики по весенним ручьям талой воды.
> 一起在春日融雪的小溪里放纸船。

< Вместе плакали возле двух бездонных провалов могил.
> 一起在两座无底的墓穴前哭过。

< Я - ее старший брат.
> 我是她哥哥。

< Я должен о ней заботиться. Кто еще позаботится о девочке, у которой больше нет родителей?
> 我该照顾她。没了父母的女孩，还能指望谁？

< Должен был, но не смог.
> 本该如此——可我没能做到。

< Связной легонько ударяет по пустому стакану отвратительно жёлтым, бугристым ногтём.
> 接头人用那恶心的、凹凸不平的黄指甲，轻轻敲了敲空杯子。

< - Выкладывай, что от меня нужно ...
> - 说吧，要我干什么……

< ...цежу я сквозь зубы, морщась от отвращения.
> ……我从牙缝里挤出话，恶心得皱起脸。

< Связной щерится, понимая, что я буду делать то, чего они от меня хотят.
> 接头人咧嘴一笑——他知道，他们要的，我会做。

< - Завтра утром состоится шумное мероприятие. Откроют первую ветку омского метро.
> - 明天早上有热闹事：鄂木斯克地铁首段开通。

< - При чем здесь я? Какая связь между мной и метро?
> - 关我什么事？我和地铁有什么关系？

< И какое отношение к этому имеет чемоданчик, полный мескалина?
> 这箱麦司卡林，又跟这有什么相干？

< - Первая партия горожан – среди них представители  власти – отправится в рейс. От одной остановки до другой. Других остановок просто нет.
> - 第一批市民——里头有当官的——会坐上一趟。从这一站到下一站。别的站，根本没有。

< Самое короткое метро в мире.
> 世上最短的地铁。

< - А дальше?
> - 然后呢？

< - Подожди про «дальше». В восемь утра за тобой придет такси.
> - 「然后」先别急。早上八点，出租车来接你。

< - Тебя отвезут на пустырь, где находится такая невысокая кирпичная будка.
> - 送到一片空地，那儿有座矮矮的砖砌小房。

< - Что еще за будка?
> - 什么小房？

< - Будка, домик Наф-Нафа...
> - 小房啊，三只小猪里那只砖屋猪的窝……

< ... связной обнажает в ухмылке желтые зубы.
> ……接头人一笑，露出满口黄牙。

< - Не шути со мной.
> - 别跟我开玩笑。

< - Как скажешь. Эта будка – надстройка над вентиляционной шахтой метро. Главной вентиляционной шахтой над станцией пункта отправления.
> - 随你。那小房是地铁通风竖井上的建筑——始发站上方那口主通风井。

< - Ты услышишь гул моторов, которые крутят турбины, засасывающие воздух туда, внутрь.
> - 你会听见马达轰鸣，涡轮转动，把空气往里吸。

< - Зачем мне там быть? В этом домике Наф-Нафа, или как там его?
> - 我去那儿干什么？去这砖屋猪窝——管它叫什么？

< - Я дам тебе ключ. Ты откроешь будку. Проберешься к турбине.
> - 我给你钥匙。你打开小房，摸到涡轮跟前。

< - Ты хочешь, чтобы я повредил ее? Чтобы люди в метро задохнулись?
> - 你要我弄坏它？好让地铁里的人闷死？

< - Нет. Все, что тебе нужно – открыть чемодан и вытряхнуть его содержимое в турбину.
> - 不。你只要打开箱子，把里头的东西抖进涡轮。

< Он сошел с ума.  Они все ненормальные.
> 他疯了。他们全不正常。

< В общем, я в этом и не сомневался. Иначе я бы здесь не сидел.
> 其实我也早料到了。否则我也不会坐在这儿。

< - Ты хочешь, чтобы у людей в метро были галлюцинации?
> - 你要地铁里的人见鬼？

< - Да. Небольшой бэд-трип. Метро не достроено. Они торопились ввести его в строй. С потолка капает, крепи кое-где трещат, как в шахте, когда пласты породы приходят в движение.
> - 对。小小一场坏旅程。地铁没修完，他们急着通车。顶上滴水，支架嘎吱作响——像矿井里岩层开始挪动。

< - У многих – клаустрофобия, более или менее скрытая. Мескалин высвободит все их страхи. Путешествие в вагоне метро станет для них кошмаром наяву.
> - 很多人有幽闭恐惧，藏得或深或浅。麦司卡林会把恐惧全放出来。地铁车厢里那一程，会变成白日噩梦。

< - Зачем вам это?
> - 你们图什么？

< - Ты все узнаешь. Пройдет время, и ты все узнаешь.
> - 你会知道的。时候到了，你全会明白。

< - Как я пойму, что вы отпустили мою сестру?
> - 我怎么知道你们放了妹妹？

< - Она тебе позвонит, с улицы, уже на свободе. Сразу же после того, как ты окажешься в будке. За тобой будут присматривать...
> - 她会给你打电话——从街上，已经自由了。你一进小房就会打来。会有人盯着你……

< ... и он подмигивает.
> ……他说着，挤了挤眼。

< Память вновь, помимо воей воли, приоткрывает дверь в свой темный подвал.
> 记忆又不由分说，推开那扇通向黑暗地窖的门。

< Что ж, мне нечего  терять.
> 罢了，我也没什么可输。

< Они похитили сестру две недели назад.
> 两周前他们绑走了妹妹。

< Я задолжал денег. Много денег. Взял вещества у барыги на перепродажу.
> 我欠了钱。很多钱。从毒贩那儿拿货打算倒卖。

< И все сожрал сам.
> 结果全自己嗑光了。

< За полгода, пока меня не хватились. А что не сожрал – продал.
> 半年里，直到他们想起我。没嗑掉的，就卖了。

< И потратил деньги на нее. На мою сестренку. Нам были нужны деньги.
> 钱花在她身上。花在我妹妹身上。我们需要钱。

< Барыга, вместо того, чтобы убить меня или вытрясти долг, перепродал его другим.
> 毒贩没杀我，也没把债讨清，却把债转卖给了别人。

< Этих, других, и представляет связной.
> 那些「别人」，就是接头人所代表的。

< Эти, другие, и похитили мою Надежду.
> 也是那些人，掳走了我的娜杰日达——我的希望。

< Кто они – я не знаю.
> 他们是谁——我不知道。

< Я знаю только одно: жизнь моей сестры – веская причина для того, чтобы не задаваться такими вопросами.
> 我只知道一件事：妹妹的命，就是不去追问的充足理由。

< - Если вы не отпустите ее завтра – я отрежу тебе голову.
> - 明天你们要是不放她——我就砍下你的头。

< Связной понимающе кивает.
> 接头人了然地点点头。

< - Если ты сделаешь все как надо, тебе простят долг. Не забывай про это, Семен.
> - 你把事办妥，债就一笔勾销。别忘了，谢苗。

< Я выхожу из-за стола, не расплатившись.
> 我起身离席，没付钱。

< Я могу себе это позволить.
> 这份嚣张，我付得起。

< Я встречаю вечер в гостинице, наедине с серым чемоданчиком и своей болью.
> 夜晚，我在旅馆独处：灰色小箱，还有我的痛。

< Болью, от которой нет спасения.
> 无从逃脱的痛。

< Болью, которая мешает мне не только жить, но и умереть.
> 这痛不许我活，也不许我死。

< Болью, которая будто погонщик бичом пригнала меня сюда.
> 这痛像赶工的鞭子，把我抽到了此地。

< Чтобы немного развеяться, я включаю телевизор.
> 想散散心，我打开电视。

< Я выключаю телевизор и некоторое время сижу неподвижно.
> 我关掉电视，僵坐片刻。

< Что это было? Никогда не слышал ничего подобного.
> 那是什么？从没听过这样的东西。

< От этой странной песни моя боль только усилилась.
> 那古怪的歌，只让痛更深。

< Я открываю чемоданчик.
> 我打开小箱。

< Одинаковые целлофановые пакеты.
> 一模一样的塑料袋。

< Я могу покинуть эту реальность, которую некоторые называют первой. Это все равно не принесет облегчения.
> 我可以离开有些人称作「第一现实」的这里。可那也带不来轻松。

< Завтра в восемь мне все равно придется вернуться.
> 明天八点，我还得回来。

< Я вскрываю пакет с мескалином.
> 我撕开一袋麦司卡林。

< Я закрываю чемоданчик
> 我合上小箱

< Вспоров пакет, я закидываюсь мескалином. Несколькими миллиграммами больше или  меньше – никто и не заметит.
> 袋口划开，我把麦司卡林吞下。多几毫克少几毫克——没人会察觉。

< По крайней мере, те люди, в метро - они точно не заметят разницы.
> 至少地铁里那些人——他们绝不会看出差别。

< Мой мир не меняется. Иногда мне кажется, что мескалин на меня больше не действует.
> 我的世界并无改变。有时我觉得，麦司卡林对我已经失效。

< Разве что иногда я ложусь на пол ничком, и плаваю по нему по комнате, как по теплому морю.
> 偶尔只是趴倒在地板上，像漂在温海里一样，在房间里漂。

< Кажется, так делал дон Хенаро, подшучивая над своим будущим учеником.
> 唐·赫纳罗好像也这么干过，拿未来的徒弟开涮。

< Я, конечно, никакой не дон Хенаро.
> 我当然不是什么唐·赫纳罗。

< Я – заблудший, остановившийся на полпути до Икстлана Карлос.
> 我是迷途的卡洛斯，停在通往伊克斯特兰的半路上。

< Да и Икстлан, далекий, некогда дразнивший меня маревом света, превратился в Омск, финальную точку пути, весь ужас которого заключается в том, что его можно пройти до конца.
> 而那遥远的伊克斯特兰，曾以光的海市蜃楼逗弄我，如今也化成了鄂木斯克——终点站；它真正的可怕，在于这条路竟可以被走完。

< А значит, ощутить себя однажды в конце пути, без надежды, без будущего, без намека на дорогу впереди. Тупик. Тихий, как кладбище, полное раскопанных могил.
> 也就意味着，有一天站在路尽头：没有希望，没有未来，前方连路的影子都没有。死胡同。静得像座坟场，满是被翻开的墓。

< Мой попутчик в поезде говорил, что название реки Омь, давшей имя городу, означает на тюркском «Тихий». А Иртыш – на этой реке стоит город – означает «Землекоп».
> 火车上那位旅伴说过：给城市命名的鄂木河，突厥语里是「静」；城所傍的额尔齐斯河，意思是「掘土者」。

< Тихий землекоп, миллиард тихих землекопов планомерно зарывают меня в безнадегу, без устали набрасывая сверху сырые жирные комья.
> 静静的掘土者——十亿个静静的掘土者——有条不紊地把我埋进绝望，不知疲倦地往上抛着湿而油腻的土块。

< Так же, как закопали моих родителей.
> 就像他们埋掉我的父母那样。

< Так же, как закопают мою сестру, если завтра я не отравлю воздух в метро.
> 就像明天若我不去毒化地铁的空气，他们也会埋掉我妹妹那样。

< Чтобы развеяться, я выхожу на улицу.
> 为了散心，我走到街上。

< Я иду к центру города.
> 我走向市中心。

< Я иду к окраинам.
> 我走向城郊。

< Я закрываю чемоданчик.
> 我合上小箱。

< Я ложусь спать.
> 我躺下睡觉。

< Я долго не могу уснуть и ворочаюсь, а во мне ворочается пахнущая тухлой рыбой тоска.
> 我久久无法入睡，在床上辗转；心底翻搅着一股发烂咸鱼味的哀愁。

< Она поднимает мои воспоминания с илистого дна, как рыба-падальщик, роясь в них рылом.
> 它像食腐鱼，用吻拱开淤泥，把记忆从河底翻搅上来。

< Затем я проваливаюсь в черноту, у которой нет дна, и из которой я не могу выбраться, пусть даже и понимаю:
> 接着我坠入一片没有底的黑里，明明知情，却也挣不脱。

< ...Я – во сне.
> ……我在做梦。

< Затем я вижу свет.
> 随后我看见了光。

< Это моя комната.
> 是我的房间。

< Моя комната в одинокой пустой квартире на окраине города.
> 市郊，一整户空壳公寓里，只有我这一间。

< Этот город – Омск.
> 这城是鄂木斯克。

< Другой Омск.
> 另一个鄂木斯克。

< Каждый когда-нибудь видит во сне город.
> 人迟早都会在梦里看见一座城。

< У каждого он – свой, особенный.
> 各人有各人的，独一份。

< И одновременно, все города во всех снах каждого из людей – похожи.
> 可同时，每个人梦里的所有城又彼此相像。

< Одни и те же географические точки.
> 同样的地理坐标。

< Одни и те же символы.
> 同样的符号。

< Разница только в восприятии.
> 差别只在知觉。

< Я помню виденные раньше города, сотни их, будто капель, в каждой из которых отражается океан, частей, по каждой из которых можно восстановить целое.
> 我记得先前见过的那些城，成百上千，像水滴；每一滴都映出整片洋的一角，凭这一角足以拼回全貌。

< Я слушаю свои ощущения.
> 我倾听自己的知觉。

< Я разглядываю свои мысли.
> 我端详自己的念头。

< Я пытаюсь попробовать город на вкус.
> 我试着把这座城含进嘴里。

< Комната,  кажется, трясется и  дрожит  от  движения.
> 房间仿佛在摇晃，因某种移动而颤抖。

< Кровь  и субстанция многих      рас…
> 许多种族的血与质料……

< ...Негритянской,     Полинезийской,     Горно-Монгольской,...
> ……黑人血统、波利尼西亚、高山蒙古……

< ...Пустынно-Кочевнической,  Полиглото-Ближневосточной, Индейской,...
> ……沙漠游牧、多语近东、印第安……

< ...- рас,  еще не придуманных  и не рожденных,  комбинаций, доселе неосуществленных,...
> ……种族，有的尚未被发明，有的尚未降生；组合，至今未曾实现……

< ...Протекает сквозь мое тело.
> ……正从我身体里流过。

< Миграции, неописуемые путешествия по пустыням и джунглям и горам...
> 迁徙，难以言说的沙漠、丛林、山峦之旅……

< ...застой и смерть в закрытых со всех сторон горных долинах где растения...
> ……四方闭合的山谷里停滞与死亡，那里的植物……

< ...вырастают  из  гениталий, обширные  ракообразные  насиживают  внутри яйца...
> ……从生殖器里长出来；巨大的甲壳类在卵内孵化……

< ...и проламывают скорлупу  тела через Тихий океан в каноэ с выносными уключинами...
> ……破壳而出，乘带舷外撑杆的独木舟越过太平洋……

< ...к Острову  Пасхи.
> ……前往复活节岛。

< Сложносоставной  Город  где  все  человеческие потенциалы разложены на огромном молчащем рынке.
> 复合之城：人类一切潜能，摊开在巨大而沉默的市集上。

< Минареты, пальмы,  горы,  джунгли...
> 宣礼塔、棕榈、山峦、丛林……

< ...Вялая река,  кишащая злобной рыбой,..
> ……一条懒洋洋的河，游着凶恶的鱼……

< ...Широкие, заросшие  сорняками парки,  где мальчишки  валяются в траве, играют в загадочные игры.
> ……宽阔、杂草丛生的公园里，男孩们躺在草地上，玩着谜一样的游戏。

< Ни единой  запертой двери во всем Городе.
> 整座城里，没有一扇锁着的门。

< На прикроватном столике мелко дрожит кусок желе.
> 床头小几上，一块果冻轻轻发颤。

< Дрожит, студенистый, полупрозрачный.
> 颤着，胶质，半透明。

< Я выхожу в Город.
> 我走出房间，走进城里。

< Я касаюсь желе.
> 我碰了碰那块果冻。

< Я касаюсь желе, что дрожит на столе, и мою руку изнутри студенистой массы тут же что-то схватывает и держит крепко, не отпуская.
> 我碰了碰桌上颤动的果冻，胶质里立刻有什么东西扣住我的手，攥得死紧，不肯放。

< Я пытаюсь отдернуть руку, но желе держит меня, как в тисках.
> 我想抽手，果冻却像老虎钳一样咬住我。

< Я вижу, как моя рука погружается глубже в дрожащую розовую субстанцию, и ее очертания искажаются в ее глубине, преломляясь.
> 我看见手往深处沉，在颤动的粉色物质里，轮廓扭曲、折射。

< Желе втягивает меня внутрь!
> 果冻把我往里头吸！

< Я пытаюсь сопротивляться, однако желе одним могучим рывком затягивает меня в мутное розовое пространство.
> 我拼命抵抗，果冻却猛地一拽，把我拖进一片浑浊的粉红空间。

< Вспышка!
> 闪光！

< Свет!
> 光！

< Софиты!
> 聚光灯！

< Я — посреди зала, заполненного людьми.
> 我站在大厅中央，四周围满了人。

< Я не могу различить их лиц, но слышу, как они одобрительно хлопают и свистят.
> 看不清他们的脸，只听见整齐的掌声与口哨。

< Рядом со мной — двое, справа и слева от меня.
> 左右各站着一个人。

< Они стоят за трибунами, лицом к залу, как и я сам.
> 我们三人站在讲台后，面向观众，姿态一样。

< Жирдяй и старик.
> 一个胖子，一个老头。

< Мы...выступаем с каким-то докладом?
> 我们……是在作报告吗？

< Фанфары!
> 号角！

< Пронзительно играет саксофон, и между нами и зрительным залом появляется человек в блестящем при свете софитов костюме.
> 萨克斯刺耳地响起，一个穿亮闪闪西装的男人出现在我们和观众之间，聚光灯照在他身上。

< У него в руках — микрофон.
> 他手里拿着麦克风。

< Это — ведущий, понимаю я.
> 是主持人——我明白了。

< Я нахожусь на телешоу, неизвестно зачем, неизвестно как оказавшийся здесь.
> 我在一档电视节目里，不知为何而来，不知如何而来。

< Ведущий вскидывает микрофон.
> 主持人举起麦克风。

< Толпа радостно рукоплещет, как будто он только что исполнил смертельный номер.
> 观众欢声雷动，仿佛他刚完成了什么舍命绝活。

< Ведущий звонко кричит, и его голос захлебывается радостью:
> 主持人清亮地喊着，声音高兴得几乎哽住：

< - До-о-обрый вечер, дорогие зрители и все, кто смотрит наше чрезвычайно интеллектуальное шоу не для средних умов!
> - 大——家晚上好！亲爱的观众，以及所有收看这档超凡脱俗智力秀的朋友们——绝非凡夫俗子看得懂的那种！

< ТА-ДА-А! — играет отбивка.
> 嗒——哒——！过场音乐响起。

< - В финал вышли самые упорные, самые умные, самые находчивые из наших игроков — встречайте их аплодисментами!
> - 进入决赛的，是我们选手里最执拗、最聪明、最机灵的——掌声欢迎！

< Зал взрывается овациями.
> 全场掌声轰然炸开。

< - Итак, игрок под номером один — Григорий! Григорий коллекционирует пластмассовую посуду и рисует акварелью! Григорий блестяще выступил в полуфинале, и настроен на победу!
> - 一号选手——格里高利！格里高利收藏塑料餐具，还画水彩！半决赛他表现抢眼，今天志在必得！

< Худощавый чинно кивает в ответ, публика рукоплещет.
> 瘦高的男子庄重地点头，观众鼓掌。

< - Игрок под номером два — Виктор! Виктор играет в поло, смотрит на звезды по ночам, и у него совершенно не растут волосы подмышками!
> - 二号选手——维克托！维克托打马球，夜里观星，腋下一根毛都不长！

< В зале раздается истерический смех. Неужели эта фраза ведущего показалось им смешной?
> 大厅里爆起歇斯底里的笑。主持人这句真有那么好笑？

< - И, наконец, - барабанная дробь, спасибо — участник под номером три!
> - 最后——鼓点，谢谢——三号选手！

< Меня ослепляет пучок света наведенного прожектора.
> 追光灯打过来，晃得我睁不开眼。

< - Его зовут Семен, и он любит делать одно и то же много раз, пока не получит результат!
> - 他叫谢苗，喜欢把同一件事反复做，直到做出结果！

< - Пожелаем Семену проявить себя сегодня!
> - 祝谢苗今天超常发挥！

< Я, преодолевая замешательство, приветствую публику взмахом руки.
> 我压下茫然，朝观众挥了挥手。

< Слышится еще одна музыкальная отбивка, и свет в студии гаснет, сменяясь на точечное освещение.
> 又一段过场音乐，演播室大灯灭了，换成点光。

< - И мы...Начина-а-а-ае-ем!
> - 那么……我——们——开——始！

< - Внимание, первый вопрос:
> - 注意，第一题：

< - Зачем герой нашей новеллы прибыл в Омск?
> - 我们小说里的主人公，为什么来到鄂木斯克？

< Охотиться на птиц!
> 去打鸟！

< - И это....НЕПРАВИЛЬНЫЙ ОТВЕТ!
> - 这个……答——错——了！

< Убить кого-нибудь в переулке!
> 在小巷里杀人！

< Спасти сестру!
> 救妹妹！

< - И это....ПРАВИЛЬНЫЙ ОТВЕТ!
> - 这个……答——对——了！

< - Внимание, второй вопрос:
> - 注意，第二题：

< - Сколько недель назад герой потерял самое дорогое, что у него есть?
> - 主人公几周前失去了最珍贵的东西？

< - Четыре
> - 四

< - И это...НЕПРАВИЛЬНЫЙ ОТВЕТ!
> - 这个……答——错——了！

< - Три
> - 三

< - Две
> - 两

< - И это...ПРАВИЛЬНЫЙ ОТВЕТ!
> - 这个……答——对——了！

< - И наконец, внимание, третий вопрос:
> - 最后，注意，第三题：

< - Что такое.....ОМСКАЯ ПТИЦА??
> - 什——么——是……鄂木斯克之鸟？？

< Зал, ахнув, замирает. Это сложный вопрос.
> 观众齐声倒吸冷气，全场静住。这题很难。

< Это не просто сложный вопрос.
> 不，这题不只是难。

< Это вопрос, на который не может быть ответа.
> 这题根本不该有答案。

< Не знаю
> 不知道

< Играет зубодробительная отбивка, ведущий в блестящем костюме хлопает вместе с публикой.
> 刺耳的过场音响起，闪亮西装的主持人跟着观众鼓掌。

< - К сожалению, участник Семен не дал необходимого числа правильных ответов!
> - 很遗憾，选手谢苗没有答对足够的题目！

< - И он выбывает из нашего шоу!
> - 他出局了！

< - Поблагодарим Семена за игру аплодисментами!
> - 让我们用掌声感谢谢苗的参与！

< Публика хлопает.
> 观众鼓掌。

< Лица зрителей растворяются в свете софитов.
> 观众的面孔在聚光灯里化开。

< И с ними растворяюсь я.
> 我也跟着化开。

< Это странно.
> 真怪。

< Проиграть в каком-то нелепом, несуществующем телешоу.
> 竟输给一档荒唐、压根不存在的电视节目。

< Я - проиграл.
> 我——输了。

< Мне не удалось.
> 我没撑住。

< Я чувствую, как во сне останавливается мое сердце.
> 我在梦里感到心停了一拍。

< Я чувствую, что умираю.
> 我感到自己在死去。

< Я силюсь проснуться, открыть глаза.
> 我拼命想醒过来，想把眼睛睁开。

< Но из этого сна нет возврата.
> 可这梦没有回头路。

< Прощай, Надя.
> 娜佳，再见。

< - Итак, по итогам игры игрок под номером три одержал оглушительную победу!
> - 于是，按比赛结果，三号选手大获全胜！

< - Поздравим его аплодисментами!
> - 掌声祝贺！

< - А теперь отгадайте, какой сегодня приз для победителя нашего чрезвычайно интеллекутального шоу?
> - 现在猜猜，今天这档超凡智力秀的胜者奖品是什么？

< Публика выкрикивает на все лады.
> 观众七嘴八舌地喊。

< Внезапно включаются прожекторы, и своими лучами выстраивают световой коридор.
> 忽然聚光灯大作，光柱排成一条走廊。

< Из тьмы в центр студии выходит девочка.
> 一个女孩从暗处走向演播室中央。

< Я узнаю ее. Это Надя.
> 我认出了她。是娜佳。

< - Надя! Это ты? Надя, я пришел спасти тебя!
> - 娜佳！是你吗？娜佳，我来救你了！

< Девочка не смотрит в мою сторону.
> 女孩没往我这边看。

< - Все это мне снится.
> - 这些都是梦。

< - Надя, пойдем со мной! Я - настоящий!
> - 娜佳，跟我走！我是真的！

< - Все это только сон.
> - 一切只是梦。

< - Утром я проснусь и он закончится.
> - 早上醒来，梦就完了。

< Ведущий состраивает гримаску неудовольствия, и под аплодисменты публики уводит девочку обратно во тьму.
> 主持人摆出生气的鬼脸，在掌声里把女孩领回暗处。

< Я срываю с себя микрофон.
> 我扯下麦克风。

< Выбегаю в середину студии.
> 冲到演播室中央。

< Преследую ведущего, который быстро-быстро, как кенгуру, скачет вон, увлекая за собой Надю.
> 我去追主持人；他像袋鼠一样蹿得飞快，拖着娜佳往外跑。

< Дзин-нь!
> 叮——！

< Кичливые возницы гордо восседают на двуногих и гривастых гуляках.
> 自命不凡的车夫端坐在两足鬃毛的畜背上，神气十足。

< Люди, проходящие мимо, разноголосо уговаривают меня купить и продать.
> 路人七嘴八舌，劝我买，劝我卖。

< Мне нечего купить и продать.
> 我没什么可买，也没什么可卖。

< Передо мной – караван бурнусов, колетов, клобуков, хиджабов, анораков, зипунов.
> 眼前是长队的人：罩袍、长衣、圆帽、头巾、防风外套、对襟短衫。

< За мной – пустота, подбирающаяся в калейдоскоп ложных впечатлений, стоит только повернуть голову в ее сторону.
> 身后是空虚；只要一扭头，它就钻进万花筒般的假印象里。

< Я чувствую в этом всем скрытое единство, запрятанный среди какофонии мотив.
> 我在这一团乱里感到某种隐秘的统一，嘈杂深处藏着一条主线。

< Будто страшная, сочиненная самоубийцей для самоубийц симфония прорывается...
> 仿佛一首可怕的、自杀者为自杀者写的交响曲，正破围而出……

< ...cквозь паровозные гудки, ржание лошадей и стук коленвалов.
> ……穿透机车汽笛、马嘶与曲轴的铿锵。

< Я выхватываю взглядом из толпы старика. Он, кажется, пристально смотрит на меня.
> 我从人群里揪出一张老人的脸。他好像在死盯着我。

< За горизонтом разношерстной и пестрой толпы вздымается к небу Монолит.
> 杂色人群的地平线那头，一块巨石拔地而起。

< Красная громада из отполированного до блеска камня.
> 抛光得闪亮的红色巨岩。

< Я заговариваю со стариком
> 我和老人搭话

< Я иду к Монолиту
> 我朝巨石走去

< - Эй, чего ты смотришь?
> - 喂，你看什么呢？

< Его лицо измождено. На его шее – черный ошейник с маленькими розочками из пластика.
> 他面容枯槁。颈上黑项圈，缀着小塑料玫瑰。

< - Раньше я тебя не видел.
> - 我以前没见过你。

< - Раньше меня здесь не было.
> - 我以前不在这儿。

< - Все города похожи. Значит, ты был и здесь.
> - 所有城都一个样。那你也在过。

< - Все города на букву «г», ты это хотел сказать?
> - 你是说，城名都以「城」开头？就这意思？

< Пожимает плечами.
> 他耸耸肩。

< - Ты что-то ищешь, не так ли?
> - 你在找什么，对吧？

< Я утвердительно киваю.
> 我点头。

< - Мою сестру. Где-то здесь я потерял мою сестру.
> - 我妹妹。就在这附近，我把她弄丢了。

< - А я где-то здесь застрелил свою Джоан.
> - 我也是，在这附近一枪打死了我的琼。

< Он улыбается, будто произнес шутку.
> 他笑着，像刚说了个笑话。

< - Поэтому я и оказался в этом месте.
> - 所以我才落到了这地方。

< - В городе тех, кто не смог спасти и спастись.
> - 在这座城里——住着没能救人、也没能自救的人。

< - Я найду ее. Я спасу ее. Им не отнять ее у меня.
> - 我会找到她。我会救她。他们休想再把她夺走。

< - Тебе придется дойти до Монолита.
> - 你得走到巨石跟前。

< Я показываю пальцем на горизонт толпы.
> 我指了指人群那头。

< - Это он?
> - 就是那个？

< - Он.
> - 就是它。

< - Что ж, я пошел туда.
> - 好，我这就去。

< - Не забудь сосчитать его боль.
> - 别忘了数他的痛。

< - Не понимаю тебя.
> - 听不懂。

< - Понимать не надо. Надо считать.
> - 不用懂。要数。

< - Как мне посчитать?
> - 怎么数？

< - Пять, четыре, три – у тебя внутри. Три, два, ноль – собственная боль.
> - 五、四、三——在你体内。三、二、零——属于你自己的痛。

< - Какая чепуха.
> - 一派胡话。

< - Я знаю. Но сосчитав его боль, ты освободишься от своей. Хотя бы на некоторое время.
> - 我知道。可数过他的痛，你会从自己的痛里脱身——哪怕只是暂时。

< Я бросаю его в толпе, как пойманную рыбину в воду.
> 我把老人扔进人群，像把钓上的鱼扔回水里。

< Мой путь лежит к Монолиту.
> 我的路指向巨石。

< Я не знаю, что это такое.
> 我不知道那是什么。

< Но я знаю, что Монолит – последняя точка моего пути.
> 但我知道，巨石是我路的终点。

< Место, где я могу найти мою сестру.
> 在那儿，也许能找到妹妹。

< Дорожками, парапетами, виадуками, равелинами я иду к Монолиту.
> 沿着小路、栏杆、高架桥、棱堡，我向巨石走去。

< Я вязну в брошенных умирать стихах.
> 我陷在被弃掷、等死的诗行里。

< В мои глаза бросают песок чародеи в плащах, расшитых звездами и матерными словами.
> 披着绣满星纹与脏话的斗篷的术士，往我眼里扬沙。

< Я слышу музыку, от которой стоящие рядом умирают, тихонько охнув, едва занеся руку с гусиным пером над завещанием-обещанием.
> 我听见一种音乐，近旁的人一听就死，只轻轻哼一声，鹅毛笔才抬到遗嘱般的允诺上方。

< Наконец, я у подножия.
> 终于，我到了巨石脚下。

< - Вот ты и пришел.
> - 你来了。

< Это говорит голос из Монолита.
> 声音从巨石里传出来。

< Вблизи поверхность выглядит так, будто это окаменевший лед.
> 近看，表面像冻成了石头的冰。

< Голос идет оттуда, из-подо льда.
> 声音就从那冰下传来。

< - Моя сестра. Я ищу ее.
> - 我妹妹。我在找她。

< - Ищешь. Молодец. А была ли у тебя сестра?
> - 找。很好。你有过妹妹吗？

< Я не уверен. Теперь не уверен.
> 我不确定。此刻更不确定了。

< - Должна была быть.
> - 本该有的。

< Мой голос дрожит и плывет в горячей дымке, окутавшей Монолит.
> 我的声音发颤，漂在围住巨石的热雾里。

< - Но ведь сейчас ее у тебя нет?
> - 可你现在没有，不是吗？

< - Есть!
> - 有！

< - Покажи мне ее тогда.
> - 那就让我看看。

< - Они…они похитили ее.
> - 他们……他们绑架了她。

< - Это просто боль. Это просто твоя застарелая боль кормит тебя ложными воспоминаниями. Нет никакой сестры.
> - 那只是痛。只是旧痛在喂你假记忆。并没有什么妹妹。

< - Откуда ты взял это, про боль? Откуда?
> - 痛？你怎么知道痛？你怎么——

< - Я знаю все о боли. А ты?
> - 痛的事我全知道。你呢？

< - Пять, четыре, три – у тебя внутри. Два, один, ноль – собственная боль.
> - 五、四、三——在你体内。二、一、零——属于你自己的痛。

< Голос затухает. Поверхность Монолита становится призрачным туманом, проницаемым и не имеющим плотности.
> 声音弱下去。巨石表面化成幽灵般的雾气，透得过去，没有实感。

< Из глубины Монолита ко мне приближается невысокий человек.
> 从巨石深处，一个矮个子朝我走来。

< Девочка.
> 女孩。

< Ее походка мне знакома.
> 那步态我认得。

< - Надя?
> - 娜佳？

< Это моя сестра.
> 是我妹妹。

< Ее глаза полны слез.
> 她眼里满是泪。

< - Останься. Останься со мной. Тебе меня не спасти.
> - 留下。留在我身边。你救不了我。

< - Надя, пойдем. Вместе мы выберемся.
> - 娜佳，走。我们一起出去。

< - Нет. Нельзя выбраться отсюда, из этого вечного Никогда.
> - 不行。出不去的，出不了这个永远的「永不」。

< Я чувствую, что каждая моя клеточка растворяется, как сахар в чае, как дрянь в крови.
> 我觉得每个细胞都在融化，像糖化在茶里，像脏东西渗进血里。

< - Надя…Надя…я не хотел этого…Я не думал тогда…В машине…
> - 娜佳……娜佳……我不是故意的……那时我没想到……车里……

< - Я знаю. Ты просто отвлекся. Ты просто не увидел тот поворот. Поэтому тебе придется разбираться с ней в одиночку.
> - 我知道。你只是分心。只是没看清那个弯。所以你得独自跟它周旋。

< - С кем?
> - 跟谁？

< - С Птицей. С Птицей.
> - 跟鸟。跟鸟。

< Я вздрагиваю.
> 我猛地一颤。

< Дзин-нь! – падают Надины слезы на мостовую. Они – стеклянные.
> 叮——！娜佳的泪落在路面上。是玻璃的。

< Падают слезы: Дзин-нь!
> 泪落：叮——！

< И разбиваются о камни.
> 在石头上碎开。

< Я просыпаюсь посреди ночи.
> 半夜，我醒了。

< За окнами - тоже Омск.
> 窗外——还是鄂木斯克。

< Не тот, что был во сне.
> 不是梦里的那个。

< Или мой сон...не закончился?
> 还是……梦没醒？

< Есть только один способ проверить — выйти на улицу.
> 只有一种办法验证——上街去。

< Я выхожу на улицу. Сейчас я не в настроении идти пешком.
> 我出门。这会儿没心思走路。

< Вереница уличных огней уводит мое сознание прочь от реальности, за потайные дворики среди сумерек, вглубь того, что называется Омском.
> 一串路灯把我的意识从现实里拽走，穿过暮色中的隐秘院落，深入所谓的鄂木斯克。

< И я понимаю, что Омск – это не просто город.
> 我明白，鄂木斯克不只是一座城。

< Может быть даже, это и не город вовсе.
> 也许，它压根就不是城。

< Когда я покупал билет на поезд, я уточнил, какой в Омске часовой пояс. Оmsk timezone, омская временная зона – был мне ответ.
> 买车票时我问过鄂木斯克的时区。人家回我：Omsk timezone，鄂木斯克时间带。

< На самом деле, это зона безвременья.
> 其实那是一片没有时间的地带。

< Вот плывет из ниоткуда вникуда смутная призрачная фигура. Это прохожий, мужчина, его волосы в искрах седины.
> 一道含混的鬼影从无来处往无去处漂。是个路人，男的，头发里闪着霜白。

< Я заговариваю с прохожим.
> 我和路人搭话。

< - Скажите, где здесь можно подышать свежим воздухом?
> - 请问，哪儿能吸口新鲜空气？

< ...задаю я первый пришедший на ум вопрос.
> ……我脱口问了第一个蹦进脑子的问题。

< - Везде. И нигде...
> - 哪儿都行。哪儿都不行……

< ...отвечает он.
> ……他说。

< - Тогда я не ошибусь, если пойду в любом направлении?
> - 那我随便走哪个方向，都不会错？

< - Да. Только ступай осторожно.
> - 对。只是脚步要留神。

< - Разве здесь небезопасно?
> - 这儿不安全吗？

< - Здесь – безопасно. А там, куда ты идешь – может случиться всякое.
> - 这儿——安全。你要去的地方——什么都可能发生。

< - Со мной оно уже случилось...
> - 已经发生在我身上了……

< ...горько усмехаюсь я.
> ……我苦笑了。

< - Ты видел ее?
> - 你见过她吗？

< Я пожимаю плечами. Не знаю, о ком он.
> 我耸耸肩。不知他在说谁。

< Он видит, что я его не понимаю.
> 他看出我不懂。

< - Птицу, ты видел Птицу?
> - 鸟，你见过那只鸟吗？

< - Я давно не смотрю на небо...
> - 我很久没抬头看天了……

< ...признаюсь я.
> ……我承认。

< - Ты не понял. Три красных колпака, ранец за спиной, такой на лямках.
> - 你没明白。三顶红三角帽，背上挎着带扣带的行囊。

< - Колпаки? Ранец? У птицы?
> - 三角帽？行囊？鸟也有这些？

< Он утвердительно кивает.
> 他肯定地点头。

< - Вот смотри...
> - 你看……

< ...он раскрывает книгу. На развороте – герб. Геральдический герб. Стена-изгородь, над нею – какие-то геометрические фигуры. Из них по обе стороны выглядывают по три красных треугольника.
> ……他摊开一本书。跨页上是纹章。盾形纹章。一道篱墙，上面几道几何图形；两侧各探出三个红三角。

< - Что это?
> - 这是什么？

< - Это герб, разве это не очевидно? Герб города. Видишь эти красные треугольники? Это и есть ее колпаки, их навершия.
> - 纹章啊，还不明显？城的纹章。看见那些红三角了吗？那就是她的帽尖，帽顶。

< - Но их шесть. Должно быть три.
> - 可一共有六个。该是三个才对。

< - Правильно, потому что птиц тоже – две. Как добро и зло, день и ночь, луна и солнце – две плоскости одного явления. Две стороны одной монеты.
> - 没错，因为鸟也有两只。像善与恶、昼与夜、月与日——同一现象的两面。同一枚硬币的两面。

< - Как птица Симург? Имя, которое означает тех, кто пытается понять, что означает это имя.
> - 像西穆尔格鸟？那名字指的是那些想弄懂这名字什么意思的人。

< Он не знает, что такое птица Симург. Но отчего-то кивает еще раз.
> 他不知道西穆尔格是什么。不知为何，却又点了一次头。

< - И что же эта птица, которой две? Почему я должен был ее видеть?
> - 那这有两面的鸟到底是什么？我为什么非得见她？

< - Всякий, кто попадает сюда, рано или поздно видит ее. Поэтому она есть даже на гербе, выглядывает оттуда в обеих своих испостасях – первой и второй.
> - 凡是落到这儿的，早晚都会见到她。所以纹章上也有她，两种化身都往外望——第一和第二。

< - Как первая и вторая реальности, ты же знаешь, что это такое?
> - 就像第一现实和第二现实——你总听说过吧？

< - И что тогда? Что происходит, если увидишь ее?
> - 那又怎样？见到了会怎样？

< - И тогда тот, кто ее увидел во второй ипостаси, не возвращается отсюда никуда.
> - 凡见过她第二副面孔的人，都再也出不了这里。

< - А другая ее сторона, в чем она проявляется?
> - 那另一面呢？会以什么模样显现？

< Прохожий задумчиво улыбается.
> 路人若有所思地笑了笑。

< Не думаю, что те, кто навсегда остался в Омске, тебе об этом расскажут.
> 我想，那些永远留在鄂木斯克的人，不会把这事告诉你。

< Могу лишь предположить, что Птица отпускает того, кто встретил ее в таком состоянии.
> 我只能猜：遇见她那一副模样的人，鸟会放他走。

< Он тоже, тоже сумасшедший. Этот город полон лишившихся рассудка.
> 他也疯了，一样疯。这城里尽是丢了理智的人。

< - Это что, городская легенда?
> - 这是什么，都市传说？

< - Легенда, хм…
> - 传说，嗯……

< ...он задумывается на мгновение.
> ……他沉吟片刻。

<  – В слове «легенда» есть оттенок лжи. Омская Птица – истинна. Следовательно, она не может относиться к легендам. Значит нет, это не городская легенда.
> ——「传说」这个词里带着谎言的味道。鄂木斯克之鸟是真的。既如此，它就不该归在传说里。所以不，这不是什么都市传说。

< - Как знаешь.
> - 随你怎么想。

< - Если ты хочешь вернуться туда, откуда ты пришел...
> - 要是你想回到来的地方……

< ...тебе следует избегать встречи с ней. Поэтому ступай осторожней.
> ……最好别碰见她。走路当心些。

< - Хорошо...
> - 好吧……

< ...просто отвечаю я, и мы расходимся.
> ……我只应了一声，我们便各自走开。

< Я погружаюсь в Омск, отмеряя расстояние шагами и вдохами, ударами измученного сердца.
> 我沉入鄂木斯克，用脚步、呼吸、那颗疲惫心脏的跳动来丈量路途。

< Кажется, Борхес писал, что в литературе существует всего четыре сюжета.
> 博尔赫斯好像说过，文学里统共只有四种情节。

< В котором из них я нахожусь, стоя посреди пустой улицы, двигаясь без направления, без цели?
> 我站在空荡街心，无方向、无目的地挪动——我落在哪一种里？

< По одну сторону окон, слева от меня – улицы Омска.
> 车窗这一侧，在我左边，是鄂木斯克的街。

< По другую, справа от меня – огненные пустыни изначального Хаоса.
> 另一侧，在我右边，是原初混沌的火焰荒漠。

< «Двери – справа, по правой стороне. Если автобус не развернется, я выйду в огненную пустыню», - пронзает тревожная мысль.
> 「门在右边。要是公交不掉头，我就下车走进火海。」——一个令人不安的念头刺了进来。

< Я знаю, что это иллюзия, манифестация галлюцинаторного обмана, но избавиться от нее непросто – стоит мне закрыть глаза, как кровавыми сполохами ко мне приближаются воспоминания.
> 我知道这是幻觉，谵妄骗局的显形，却不容易甩掉——我一闭眼，记忆便血光粼粼地逼过来。

< Я даю им приблизиться ко мне.
> 我任它们靠近。

< Я пытаюсь отогнать воспоминания
> 我试图把记忆赶走

< Прочь! Прочь! – я взмахиваю руками, как птица – крыльями, чтобы отогнать их.
> 滚开！滚开！——我挥臂如鸟振翅，要把它们驱走。

< Воспоминания, облеченные в огненные одежды, меркнут и растворяются, грозя мне издалека.
> 披着火焰外衣的记忆渐渐黯淡、消散，只在远处对我恫吓。

< Прочь!
> 滚开！

< Будто услышав меня, автобус останавливается. Выходя, я замечаю, что водительское сиденье – пусто.
> 公交仿佛听见了，停下了。我下车，发现驾驶座空着。

< Вечер. Я - в его душных объятиях, шагаю вдоль тропинки, и хоботки пыльной бури хлещут меня по лодыжкам: вперед!
> 入夜。我陷在它闷热的怀抱里，沿小径前行；尘暴的鞭梢抽打脚踝：往前！

< Тропинка вьётся среди деревьев, уводя всё дальше и дальше от города.
> 小径在树间蜿蜒，一步步把城市甩在身后。

< Множество ног прошло по ней, пытаясь сбежать из Омска.
> 多少双脚曾踏过此路，想要逃出鄂木斯克。

< Получилось ли это хоть у одного?
> 可有一个成了？

< В сумерках различать дорогу становится всё сложнее и сложнее.
> 暮色里，路越来越难辨。

< Тропинка начинает распадаться на множество чуть заметных тропок.
> 小径开始裂成许多几乎看不见的分岔。

< Через некоторое время исчезают и они. Лес встаёт сплошной стеной, словно говоря: «Нет пути! Возвращайся! Ты не можешь так просто уйти из Омска!»
> 不久连这些也不见了。林墙合拢，仿佛在说：「此路不通！回去！别想就这么离开鄂木斯克！」

< Но я упрямый.
> 可我偏要。

< Я продираюсь через бурелом, сквозь заросли крапивы и малины.
> 我硬闯倒木，钻过荨麻与覆盆子丛。

< На мою голову налипла густая паутина, содрать которую с себя можно только вместе с волосами.
> 头上糊满蛛网，要扯下来，得连头发一起撕。

< Но я иду вперёд.
> 我还是往前。

< Внезапно пространство впереди расчищается, и я выхожу на полянку.
> 前方忽然开阔，我踏进一片空草地。

< Силы покидают меня, я растягиваюсь на траве и упираюсь взглядом в ночное небо.
> 力气泄了，我摊在草上，盯着夜空。

< Свинцовые тучи закрывают передо мной даже этот путь.
> 铅云连这条路也遮住了。

< Я начинаю чувствовать, как дрожит земля.
> 我感到地面在颤。

< Что-то приближается через лес.
> 有什么正穿过林子靠近。

< Что-то огромное.
> 很大。

< Я встаю и пытаюсь разглядеть что-нибудь над верхушками деревьев.
> 我站起来，想从树梢上方辨出点什么。

< С одной из сторон на поляну выползает тень. Она еще более темна, чем полное отсутствие света.
> 一侧有影爬进草地。那影比全无光亮还要黑。

< Она велика, и возвышается надо мной, как великан из сказок, которые я читал в глубоком детстве.
> 它巨大，压在我上方，像极童年读过的童话里的巨人。

< Пространство вокруг меня сужается до пятачка, на котором я и она.
> 四周缩成一块巴掌大的地方，只剩我和它。

< Три красных колпака. Горящие желтым пламенем глаза. Ранец за спиной.
> 三顶红尖帽。眼里燃着黄焰。背上一个大背囊。

< Птица ласково приобнимает меня огромным крылом.
> 鸟用巨大的翅膀温柔地搂住我。

< Я не могу шевелиться.
> 我动不了。

< - Кто ты?
> - 你是谁？

< ...мой голос -  будто со дна жестяной бочки в саду, там жили плавунцы, я топил их соломинкой. Тогда, в детстве. Которого, может быть, никогда не было.
> ……我的声音像是从花园铁桶底传来的；桶里漂着孑孓，我用吸管把它们淹死。那时，在童年——那童年，也许从未存在。

< Птица наклоняется ко мне и шепчет, и шепот ее подобен рокоту грома, но не простого, а ленивого грома, что прилег на диван отдохнуть.
> 鸟俯身低语；那低语像雷声，不是寻常的雷，是懒洋洋躺到沙发上歇息的雷。

< - Омская птица.  Я – Омская Птица.
> - 鄂木斯克之鸟。我是鄂木斯克之鸟。

< Птица делает взмах крылом, показывая, что я должен идти за ней.
> 鸟一拍翅，示意我跟上。

< Я не хочу.
> 我不想。

< Но мои ноги помимо воли несут меня вперед.
> 腿却不听使唤，拖着我往前。

< — Я покажу тебе дорогу.
> — 我给你带路。

< Мы снова идём через лес. Но это уже совсем другой лес.
> 我们再次穿林而过。可这已是另一片林子。

< Там, где проходит Птица, деревья расступаются и почтительно прячут свои корявые корни под землю, дабы путник ненароком не запнулся.
> 鸟所过之处，树纷纷让路，把虬曲的根恭恭敬敬藏进土里，免得行人绊倒。

< Я чувствую, как деревья боятся Птицы. Я чувствую, как они смотрят на меня с ненавистью.
> 我感到树在怕鸟。也感到它们恨恨地盯着我。

< Мы поднимаемся по насыпи и оказываемся на железнодорожной платформе.
> 我们爬上路堤，来到铁路站台。

< Перед нами стоит поезд, на котором написано одно слово. Пункт отправления, он же пункт прибытия.
> 面前停着一列火车，车身上只有一个词。起点，也是终点。

< ОМСК
> 鄂木斯克

< Я оборачиваюсь к Птице. Она стоит рядом, такого же роста, как и я, и указывает мне крылом на дверь.
> 我回头望鸟。它站在身旁，与我同高，用翅指向车门。

< Мы поднимаемся по ступенькам и проходим вглубь вагона.
> 我们拾级而上，走进车厢深处。

< Птица заходит в то же самое купе, в котором я приехал в Омск.
> 鸟进了同一节包厢——我来鄂木斯克时就在那节。

< Как давно это было, а купе совсем не изменилось.
> 仿佛隔了许久，包厢却一点没变。

< Мы садимся за столик и смотрим друг на друга.
> 我们在小桌旁坐下，彼此对视。

< - Зачем ты пришел ко мне?
> - 你来找我做什么？

< ...мягко рокочет Птица.
> ……鸟轻声隆隆。

< - Я пришел не к тебе.
> - 我不是来找你的。

< - Но ты же в Омске.
> - 可你在鄂木斯克。

< Я выглядываю в окно. Мимо на огромной скорости проносятся деревья.
> 我望出窗外。树影以骇人的速度掠过。

< Я в Омске? Почему бы и нет. Я устал гадать, где я. Пусть будет Омск.
> 我在鄂木斯克？也罢。我懒得再猜自己在哪儿。就当是鄂木斯克吧。

< — Как скажешь.
> — 随你怎么说。

< - Значит, ты пришел ко мне. Зачем же?
> - 那就是来找我了。为了什么？

< Я отвечаю честно:
> 我如实答道：

< - Завтра… Завтра я отравлю людей в метро. Под землей. Меня заставили.
> - 明天……明天我要在地铁里下毒。地下。有人逼我。

< Глаза птицы горят желтым пламенем. Она смотрит прямо на меня из черноты своего треххвостого клобука.
> 鸟眼黄焰灼人。它从三尾尖帽的漆黑里直直看向我。

< - Разве здесь можно кого-то заставить? Здесь, в Омской Сфере?
> - 在这鄂木斯克圈里，还能逼谁做什么？

< ...и Птица показывает крылом на свои сумрачные владения.
> ……鸟用翅指向它幽暗的领地。

< - Я не отсюда. Они похитили мою сестру. Я должен им денег. Они похитили мою сестру, и требуют от меня отравить людей в метро.
> - 我不是这儿的人。他们绑了我妹妹。我欠他们钱。他们扣着妹妹，要我在地铁里下毒。

< - Какая жестокость.
> - 好狠。

< ...участливо молвит Птица, наклоняя голову.
> ……鸟歪头，装出同情。

< Что-то подсказывает мне, что ее участие – понарошку.
> 我隐约觉得，这同情是假的。

< - Мне кажется, это еще не все. Им зачем-то нужно отравить людей. Для чего-то это все придумано.
> - 我觉得还不止这些。他们下毒必有缘故。整件事是算计好的。

< - Действительно. Не может существовать чего-то, что бы было придумано просто так, ни для чего.
> - 没错。世上没有平白无故捏造出来的东西。

< Мы какое-то время вместе молчим. Мерно постукивают колёса поезда.
> 我们沉默了一阵子。车轮有节律地敲着。

< Я делаю глоток из стакана с чаем. Он совсем не сладкий, весь сахар лежит на дне, нерастворённый.
> 我抿一口茶。一点也不甜——糖全沉在杯底，没化开。

< Я беру ложечку и тихонько помешиваю чай.
> 我取勺，轻轻搅茶。

< Вынимаю ложку из стакана, стряхиваю капли и легонько ударяю ей о край стакана.
> 我抽出勺，抖落水珠，轻敲杯沿。

< Что-то происходит. Я не могу точно сказать что.
> 有什么变了。我说不准是什么。

< Поезд словно подкинуло вверх, но заметил это только я.
> 火车像被颠了一下，只有我感觉到了。

< Внезапно дверь купе отъезжает вбок и в проеме появляется моя попутчица.
> 包厢门忽然滑开，女旅伴出现在门口。

< — Не обращай на меня внимания. Не говори со мной. Не говори ЕЙ обо мне.
> — 别理我。别跟我说话。别跟她说我的事。

< Её голос... Мягкий и властный, словно голос любящей матери.
> 她的声音……又柔又硬，像慈母。

< Мне сразу же захотелось подчиниться.
> 我立刻想服从。

< Я опускаю голову и принимаюсь за свой чай. Птица сидит неподвижно. Она не замечает девушку.
> 我低下头喝茶。鸟一动不动。它没看见那姑娘。

< Попутчица снуёт по купе и фотографирует Птицу с разных ракурсов.
> 女旅伴在包厢里窜来窜去，从各角度给鸟拍照。

< Наконец, Птица произносит:
> 终于，鸟开口：

< - Пожалуй, я помогу тебе.
> - 也许我能帮你。

< - Как? Что ты можешь сделать?
> - 怎么帮？你能做什么？

< Я осознаю, что всё, происходящее вокруг — галлюцинация, порождение мескалинового бреда.
> 我明白周遭全是幻觉，麦司卡林谵妄的造物。

< И эта галлюцинация предлагает мне свою помощь.
> 而这幻觉竟要帮我。

< Возможно, мне стоит поторговаться...
> 也许该讲讲价……

< Птица чертит палочкой на рассыпанном сахаре знак «ОМ». Закорючку, похожую на птицу, скрутившую Иртыш в клюве, там, где Кировский округ, я видел его на карте. ОМ составляют три смысла, три звука: сон, грезы и явь.
> 鸟用小棍在散落的糖上划下「OM」的符号。那弯钩像鸟叼着额尔齐斯——基洛夫区那儿，我在地图上见过。OM 合三义、三音：睡梦、迷思、现世。

< Все они смешались воедино сегодня.
> 今天它们搅成了一团。

< - Я приду к ним во сне. Сегодня ночью, сейчас, через несколько минут, к каждому из них.
> - 我会入他们的梦。今夜——此刻，几分钟之后，一个一个去。

< - Я попрошу их отпустить твою сестру. Под одним условием...
> - 我会求他们放你妹妹。但有一个条件……

< ...Птица деликатно замолкает, и свечение ее глаз меркнет. Она будто засыпает, покачиваясь с огромным ранцем за спиной. Ее клюв, как маска чумного лекаря, выдается далеко вперед, скрываясь во тьме.
> ……鸟话音一落便住了口，眼里的光暗下去。它背着大背囊轻轻晃，像要睡了。喙像瘟疫医生的面具，长长探出，没入黑暗。

< - Какое условие?
> - 什么条件？

< - Ты приведешь ко мне свою сестру. Просто так. Поболтать.
> - 你把妹妹带来见我。不为别的。聊聊天。

< Прохожий…тот мужчина на улице…он говорил мне о том, что если встретить Птицу – возврата из Омска не будет. Птица хочет забрать мою Надежду?
> 路人……街上那个男人……说过，遇见鸟就别想离开鄂木斯克。鸟要夺走我的娜杰日达？

< — Ни в коем случае не соглашайся.
> — 千万别答应。

< Попутчица садится рядом со мной и пристально на меня смотрит.
> 女旅伴坐到我身边，死死盯着我。

< — Не соглашайся.
> — 别答应。

< Я колеблюсь. Потом поднимаю взгляд на Птицу, смотрю в её пылающие глаза и отвечаю:
> 我犹豫。继而抬头看鸟，看那双燃着的眼睛，答道：

< - Я согласен.
> - 我答应。

< - Нет.
> - 不。

< — Нет.
> — 不。

< - Молодец. Нет, ты и вправду молодец. Немногие решаются отказать Птице. Тебя ждёт замечательное будущее в Омске.
> - 好样的。不，真是好样的。敢拒绝鸟的人不多。鄂木斯克的大好前程在等你。

< - До завтра!
> - 明天见！

< Поднявшись — и став высотой с многоэтажку, стремительно вытянувшись, заслонив полнеба, Птица хлопает крыльями, и мир вокруг меня съёживается и высыхает в жухлую травинку.
> 鸟腾起——高过楼群，猛然抻长，遮半空——拍翅，我周围的世界缩成一团，枯成一根草。

< Я открываю глаза в гостинице.
> 我在旅馆里睁眼。

< На часах - полвосьмого, и мой сотовый беспрестанно звонит.
> 七点半。手机响个不停。

< Это такси.
> 是出租车。

< Через несколько минут поездки в полном молчании я оказываюсь на пустыре.
> 默然行了几分钟，我到了一片荒场。

< Ослепительно светит солнце – и краем глаза я замечаю, как при повороте головы от меня ускользают, прячась среди камней, какие-то создания, я не успеваю их разглядеть, только длинные и тонкие белесые хвосты, как у лабораторных мышей-альбиносов.
> 日头刺眼——余光里，我一转头，有些活物就窜进石缝；来不及看清，只见又长又细的白尾，像实验白鼠。

< Я открываю дверь будки ключом, который мне дал связной.
> 我用接头人给的钥匙打开岗亭门。

< У меня в руках – чемоданчик.
> 我手里提着一只小箱。

< Чемоданчик, серый и неприметный, полный безумия.
> 灰扑扑、毫不起眼，里面塞满疯狂。

< Турбина воздушного насоса рокочет под решеткой, с шумом загоняя воздух в непроницаемо-черную шахту вентиляционного штрека.
> 气泵涡轮在格栅下轰鸣，把空气硬灌进通风井那口不透光的黑井。

< Я открываю чемоданчик
> 我打开小箱

< Открыв чемоданчик, я выкладываю его содержимое – плотно запаянные пакеты с кристаллическим порошком внутри. Перочинным ножом, зажав нос, я вспарываю пакеты один за другим и швыряю в утробу вентиляционной шахты – их немедленно затягивает ревущим потоком воздуха вниз, в раструб турбины.
> 我打开小箱，取出密封袋——里面是结晶粉末。我捏鼻，用小刀逐个划开，扔进通风井的肚腹——咆哮的气流立刻把它们卷下去，坠入涡轮的喇叭口。

< Один за другим.
> 一袋接一袋。

< Один...
> 一袋……

< ...за...
> ……接……

< ...другим.
> ……一袋。

< Сделав свое дело, я выхожу на улицу.
> 事毕，我走到外面。

< Звонок.
> 电话响了。

< Это Надя! Ее номер!
> 娜佳！是她的号码！

< Номер, который молчал две недели!
> 沉寂了两周的号码！

< - Семен?
> - 谢苗？

< - Надя, как ты? Где ты, они тебя отпустили?
> - 娜佳，你怎么样？你在哪儿？他们放你了？

< — Да, отпустили! У меня всё хорошо! Братик, где ты? Я еду к тебе!
> — 放了！我很好！哥，你在哪儿？我这就去找你！

< Ни в коем случае!
> 万万不行！

< — Ни в коем случае! Слышишь? Не приезжай ко мне.
> — 万万不行！听见没？别来找我。

< — Но... Н-но... Братик?
> — 可……可……哥？

< Надя начинает всхлипывать. У меня тоже подступает ком к горлу.
> 娜佳抽泣起来。我喉咙也发紧。

< — Надя, будь сильной. Теперь у тебя всё будет хорошо. И... и я обязательно вернусь к тебе.
> — 娜佳，坚强点。你会没事的。我……我一定回来找你。

< — П-правда?
> — 真……真的？

< — Да. Я не знаю когда, не знаю, что я буду за человек, но я вернусь. Обещаю.
> — 嗯。不知何时，不知会变成什么样的人，但我会回来。我保证。

< — Я буду ждать.
> — 我等你。

< — Я тоже. Целую тебя.
> — 我也等。吻你。

< Я выключаю телефон. Устало сажусь возле вентиляционной будки и с силой зашвыриваю мобилу в кусты.
> 我挂断。疲惫地坐在通风岗亭旁，把手机狠狠扔进灌木。

< Мне не с кем больше разговаривать.
> 我再无人可说。

< Я утыкаюсь лицом в свои ладони.
> 我把脸埋进掌心。

< Из-под земли раздается, нарастая, гул. Словно сотни голосов возмущенно ропщут, чего-то требуя.
> 地下传来越来越响的轰鸣，像几百个声音在怒骂、在索要什么。

< От меня?
> 冲着我？

< С неба в шахту падает ослепительно яркий луч света. Он становится всё толще и толще.
> 一道耀眼光柱从天上砸进井里。越来越粗。

< Взрыв! Тысячи солнц сверкают, ослепляя меня, и черные птицы тревожно кружат над деревьями, пронзительно крича.
> 爆炸！千日齐闪，晃得我睁不开眼；黑鸟在林上惊惶盘旋，尖啸。

< Я устало смотрю на сотканную из пустоты Птицу. Это - она.
> 我疲惫地望向那由虚空织成的鸟。是她。

< — Ты мог бы согласиться на моё предложение.
> — 你本可以答应我的条件。

< - Разве это что-то могло изменить?
> - 那又能改变什么？

< - Ты мог бы быть здесь вместе со своей сестрой. И никогда с ней не расставаться.
> - 你本可以和她一起留在这儿。永不相离。

< - Это ложь. Ты не существуешь. Тебя нет.
> - 谎话。你不存在。你不在。

< - Тогда почему ты боялся, что я заберу ее?
> - 那你为什么怕我把她带走？

< Я…я не знаю.
> 我……不知道。

< - Отпусти меня. Отпусти меня хотя бы сейчас. Я же сделал то, что ты хотела! Ведь…ведь это ты устроила так, что я приехал в Омск!
> - 放我走。至少现在放我走。我照你要的做了！毕竟……毕竟是你把我弄来鄂木斯克的！

< ...озарила меня запоздалая догадка.
> ……迟来的念头忽然照亮我。

< Птица сверкает желтыми огнями глаз.
> 鸟眼黄焰闪烁。

< - Да. Эти омичи, неважно, какие у них имена, сколько у них власти и спеси, и на каких должностях они пустили свои корни здесь…Те, что были в метро…Они копали тоннель.
> - 是。那些鄂木斯克人——不管叫什么、权多大、架子多高、在哪扎根……地铁里的那批……他们在挖隧道。

< Они хотели вырваться из Омской Сферы. Они думали, что это возможно. Они думали, я не смогу их заставить вернуться. Ведь в Омске никого нельзя заставить, верно?
> 他们想逃出鄂木斯克圈。以为做得到。以为我逼不回他们。毕竟在鄂木斯克，没人能被逼，对吧？

<  Тогда я пришла в их сны. Я подкинула им идею.
> 于是我去他们梦里。塞给他们一个念头。

< Простую идею. Освободить от оков второй реальности их может только тот, кто не является омичом. Кто свободен от Омска, для кого Омск – не то единственное место, где он живет.
> 很简单的念头：只有非鄂木斯克人，才能解开第二现实的镣铐——不受鄂木斯克束缚、不把鄂木斯克当作唯一栖身之处的人。

< Я, конечно же, обманула.
> 当然，我骗了他们。

< Я подсказала им, что галлюцинаторная взвесь откроет стены тоннелей метро.
> 我让他们相信，致幻悬浮物会撑开地铁隧道的墙。

< — На самом деле взвесь — волшебный сонный порошок, проводник второй реальности — превратила их в моих рабов навеки. Они больше не люди, они мои послушные зомби.
> — 其实那悬浮物是引梦魔粉，第二现实的引路者——把他们永远变成了我的奴仆。他们不再是人，是我听话的僵尸。

< — Они думали, что ты делаешь что-то для них.
> — 他们以为你在替他们办事。

< На самом деле ты сделал все это для меня. Как, впрочем, и они сами.
> 其实你全是为我做的。他们也一样。

< Ведь ты тоже – омич, правда?
> 毕竟你也是鄂木斯克人，不是吗？

< Я не знаю, что ответить. Окинув взглядом окрестности, я собираюсь с духом и говорю:
> 我不知道怎么答。我扫视四周，鼓足气说：

< Да
> 是

< Нет
> 不

< Птица утробно ухает. Лишь отдалённо эти звуки напоминают человеческий смех.
> 鸟从胸腔深处发出“呜”声。勉强才听得出像笑。

< — Ты не сможешь сопротивляться дол...
> — 你撑不了多……

< Птица осекается на полуслове. Её глаза вспыхивают, она хищно водит клювом, высматривая что-то вдалеке.
> 鸟说到一半顿住。眼焰一跳，它凶戾地转动长喙，搜寻远处。

< Из леса доносится глухой удар. Потом ещё один. Ближе.
> 林子里传来闷响。又一声。更近。

< На пустырь вылетает помятая машина. Со страшным скрежетом она тормозит в 50 метрах от нас, из неё выскакивает... Попутчица.
> 一辆撞瘪的车冲进荒场。刺耳地刹在五十米外，跳下来的是……女旅伴。

< Она вскидывает правую руку, в которой зажат блестящий треугольник, и громко кричит:
> 她举起右手，握着一枚亮三角，高声喊：

< - Мене! Текел! Упарсин!
> - 米内！提克尔！乌法辛！

< Птица начинает с шумом хлопать крыльями и истошно вопить. Попутчица, чеканя шаг, приближается к нам, не переставая повторять странные слова.
> 鸟轰然拍翅，凄厉尖叫。女旅伴步伐铿锵，口中不断重复那些怪字，朝我们走来。

< Вдруг Птица сжимается и, сильно оттолкнувшись от земли, взмывает в небо. Потоками воздуха нас с Попутчицей сбивает с ног.
> 鸟骤然缩身，猛蹬地面，直冲云霄。气流把我们和女旅伴掀翻。

< — СУУУУУУУУУУУУУУУУУУУУУУУКААААААААААААААААААА!
> — 苏——苏——苏——卡——卡——卡——卡——！

< Мы остаёмся вдвоём. Девушка с бессильной злобой смотрит в небо.
> 只剩我们两人。姑娘恨恨地望天，却无可奈何。

< Она вскакивает и бежит к машине. Багажник заклинило, она вскрывает его несколькими ударами.
> 她跳起来跑向车。后备箱卡死，她几拳砸开。

< — Ну и что ты там разлёгся?! Сюда иди!
> — 还躺着干什么？！过来！

< У неё вполне обычный голос. Даже приятный, если не вслушиваться в слова.
> 她的声音再平常不过。若不细听内容，甚至悦耳。

< Я подхожу к машине. Она уже успела натянуть на себя бронежилет. Он выгодно подчёркивает её выпуклости.
> 我走近车。她已套上防弹背心。背心把她的曲线勒得显眼。

< Порывшись в груде вещей, она находит второй бронежилет и кидает его мне. Я с удивлением смотрю на него.
> 她在杂物堆里翻出第二件背心，扔给我。我愕然看着。

< — Ну что ты смотришь? Не тормози, пожалуйста! Сейчас же полезут из подземки!
> — 看什么看？别磨蹭！它们马上要从地铁里爬出来了！

< — Кто полезет?
> — 谁要爬出来？

< — А это у тебя надо спросить. Чем вы там с Птицей занимались?
> — 该问的是你。你和鸟在那儿搞什么？

< До меня начинает медленно доходить.
> 我慢慢明白过来。

< — Она сказала, что они все превратились в послушных зомби.
> — 她说他们都成了听话的僵尸。

< — О, это великолепно! НЕНАВИЖУ...
> — 哦，妙极了！我恨……

< Она с силой ударяет ногой по бамперу.
> 她一脚踹在保险杠上。

< — Ненавижу командировки в Омскую Сферу!
> — 恨死来鄂木斯克圈出差！

< — Ты сказала «командировки»? Значит, ты можешь уехать из Омска?
> — 你说“出差”？那你能离开鄂木斯克？

< — Только когда получу приказ. А, учитывая ситуацию, до приказа я могу не дожить.
> — 接到命令才行。照这架势，命令下来前我可能就死了。

< Где-то совсем рядом жутко завыло... какое-то существо.
> 极近处，有什么东西凄厉地嚎了一声。

< — Чёрт. Они идут.
> — 该死。它们来了。

< Она выкидывает весь хлам из багажника и достаёт снизу два автомата. Один из них протягивает мне.
> 她把后备箱里的破烂全倒出来，底下抽出两支自动步枪，递给我一支。

< Впервые в жизни я беру в руки оружие.
> 我生平第一次握枪。

< Попутчица на секунду замирает, её взгляд проясняется.
> 女旅伴停了一秒，眼神清了一瞬。

< — Эх, а ведь у меня почти получилось. Ещё бы чуть-чуть... и всего этого бы не было.
> — 唉，差一点就成了。再一点点……就不会有这些破事。

< Она передёргивает затвор и указывает ладонью в сторону города.
> 她拉栓，掌心指向城里。

< — Нам туда.
> — 往那儿走。

< Мне вдруг становится смешно.
> 我忽然想笑。

< Я снова отправляюсь в Омск.
> 我又一头扎回鄂木斯克。

< - Молодец. Нет, ты и вправду молодец. Немногие решаются отказать Птице. И еще никто на моей памяти не решался согласиться,
> - 好样的。不，真是好样的。敢拒鸟的人不多。我记忆里，也从没人敢答应，

< -  Мене! Текел! Упарсин!
> - 米内！提克尔！乌法辛！

< Птица встает со своего места, заполняя купе собой, становясь снова огромной.
> 鸟从座位上站起，撑满整节包厢，又胀回巨大的身形。

< Она хлопает крыльями, а мир вокруг меня съеживается и высыхает в жухлую травинку.
> 它拍翅，我周围的世界缩成一团，枯成一根草。

< Это, должно быть, такси.
> 该是出租车吧。

< Я смотрю на экранчик своего телефона.
> 我看向手机屏。

< Это не такси.
> 不是出租车。

< Это звонит Надя. Ее номер!
> 是娜佳。她的号码！

< - Семен..
> - 谢苗……

< - Надя! Наденька, это ты? Как ты? Они тебя…отпустили?
> - 娜佳！娜佳，是你吗？你怎么样？他们……放你了？

< - Я еду к тебе, Семен.
> - 我这就去找你，谢苗。

< - Зачем, Надя, оставайся дома! Скоро…я скоро приеду к тебе, первым же поездом, у меня куплен обратный билет! Мне так много надо тебе рассказать!
> - 别来，娜佳，待在家里！我……我很快就回去，头一班火车，回程票都买了！我有好多话跟你说！

< - Поздно, Семен. Поздно. Она призвала меня.
> - 晚了，谢苗。晚了。她召我来的。

< - ….Птица?
> - ……鸟？

< - Птица.
> - 鸟。

< - Нет. Нет. Этого не может быть. Птицы не существует, слышишь?! Все это чепуха, Птицы не существует!
> - 不。不。不可能。鸟不存在，听见没？！全是胡说，根本没有鸟！

< - Может быть и так. Я знаю, что ты хотел меня спасти.
> - 也许吧。我知道你想救我。

< - Теперь мой черед помочь тебе. Даже если все это – выдумка, даже если всего этого не существует.
> - 现在轮到我帮你。就算全是臆想，就算什么都不存在。

< - Жди меня.
> - 等我。

< И я ждал.
> 我便等着。

< Я встретил ее на вокзале.
> 我在车站接到她。

< Мы пришли в Птичью гавань. В Омске есть замечательный природный памятник, пускай и слегка диковатый...
> 我们去了鸟港。鄂木斯克有一处绝佳的自然胜景，虽说略野些……

< Там нас уже ждали.
> 那里已有人在等。

< Друзья.
> 朋友。

< Тысячи друзей, окольцованных маленькими белыми колечками.
> 成千的朋友，颈上扣着白色小环。

< Белые птицы, рвущиеся на волю.
> 白鸟，挣着自由。

< Мы стали на краю обрыва.
> 我们站到崖边。

< Взялись за руки.
> 牵起手。

< В наших легких пылала мескалиновая смесь.
> 麦司卡林混剂在肺里燃烧。

< Она – проводник в новую реальность.
> 它是通往新现实的引路人。

< Реальность, из которой тоже не будет возврата.
> 那现实同样没有回头路。

< Но в которой нет никакого Омска.
> 但其中没有鄂木斯克。

< Шаг.
> 一步。

< В пропасть.
> 踏入深渊。

< Падение.
> 坠落。

< Взлет!
> 飞起！

< Мы взлетели высоко в синеву, и вскоре соединились с ними, друзьями, что парили, широко и вольно раскинув крылья, выстроившись в клинья.
> 我们高高飞入青空，不久便与它们会合——那些朋友展翼翱翔，排成楔形，自由而开阔。

< Гигантский клин из множества клиньев простерся над Землей.
> 由无数楔子拼成的巨楔，横亘在大地上方。

< Далеко внизу остались нищета и тщета, горе и – самое главное – воспоминания.
> 远在下方的，仍是贫穷与虚妄、悲苦，以及——最要紧的——记忆。

< На восток. Мы полетели на восток. Где на высокой горе, на заоблачном троне восседает Царь всех птиц, держа в клюве души одних, и отпуская на волю других...
> 向东。我们向东飞去。在那高山上，在云端的宝座上，百鸟之王端坐着，衔住一些人的灵魂，又放走另一些人的……

< В красном колпаке. С глазами цвета Солнца.
> 头戴红尖帽。双眸如日。

< Там – наш дом.
> 那里——便是我们的家。

< Мои воспоминания окружают меня.
> 记忆将我团团围住。

< Они шепчут мне что-то, но я не могу разобрать, что именно.
> 它们在我耳边絮语，我却听不清究竟在说些什么。

< В моих руках - руль. Впереди - дождливая дорога.
> 我握着方向盘。前方是雨中的路。

< Рядом слышится смех. Надин смех.
> 身旁传来笑声。娜佳的笑声。

< На пассажирском сиденьи сзади - двое.
> 后排座上坐着两个人。

< Мужчина и женщина.
> 一男，一女。

< Женщина рассказывает что-то, а мужчина смотрит на нее.
> 女人在说着什么，男人望着她。

< Я вижу его исполненный нежности взгляд в зеркало заднего вида.
> 我从后视镜里看见他满含柔情的目光。

< Это родители.
> 是父亲母亲。

< Мои родители.
> 我的父母。

< Мне так их не хватало.
> 我有多想他们。

< Я ловлю краем уха их болтовню, и поневоле улыбаюсь.
> 他们的闲谈飘进耳廓，我不由得笑了。

< Я так соскучился по ним.
> 我有多想他们。

< Я рад слышать любое их слово, ловить своим взглядом каждый их взгляд, матери и отца.
> 他们说的每一个字我都爱听，母亲、父亲的每一道目光我都想接住。

< Я забываю, что впереди - опасный поворот.
> 我忘了前方有个危险的弯。

< Как и тогда.
> 就像那时一样。

< В тот день.
> 那天。

< В тот самый день.
> 就是那一天。

< Когда из-за меня они погибли.
> 他们因我而死的那一天。

< Я прихожу в себя в гостинице.
> 我在旅馆里醒来。

< Оказывается, я никуда не выходил.
> 原来我哪儿也没去过。

< Не было никакого автобуса.
> 没有什么公共汽车。

< Не было прогулки по городу.
> 没有在城里散步。

< Не было моих родителей.
> 没有我的父母。

< Не было ничего.
> 什么都没有。

< Я понимаю, что ничего не могу изменить.
> 我明白，我什么也改变不了。

< Всё, что я делаю, приносит только боль мне и моим близким.
> 我所做的一切，只会给我和亲近的人带来痛苦。

< Я ничего не смогу исправить. Я всегда буду тянуть Надю во тьму.
> 我什么也补救不了。我会永远把娜佳拖进黑暗。

< Каким бы светлым человеком она ни была, демоны всегда будут преследовать её.
> 不管她多么光明磊落，恶魔总会追着她不放。

< Из-за меня.
> 因为我。

< Я — причина всех её бед. Без меня она обязательно найдёт путь к свету.
> 她的一切灾祸，根源都在我。没有我，她定能走向光明。

< Без меня ей будет лучше.
> 没有我，她会过得更好。

< Без меня.
> 没有我。

< Я открываю окно в своем номере.
> 我推开客房的窗。

< Воздух свеж.
> 空气清冽。

< Я становлюсь на подоконник.
> 我站上窗台。

< Ветер манит меня.
> 风在召唤我。

< Я шепчу:
> 我低声说：

< - Прости, Надя... Прости...
> ——对不起，娜佳……对不起……

< И делаю шаг в пустоту.
> 我向虚空迈出一步。

< Распластанное на асфальте тело, тёмная кровь.
> 一具躯壳摊在沥青路面上，乌黑的血。

< Добро пожаловать в Омск.
> 欢迎来到鄂木斯克。

< Мы едем по бесконечному ночному Омску.
> 我们穿行在鄂木斯克无尽的夜里。

< Наконец, я выхожу. Это место мне почему-то знакомо.
> 我终于下了车。这地方不知为何有些面熟。

< Я слышу плеск воды, и понимаю, что оказался у реки.
> 听见水声，我才明白自己到了河边。

< Табличка «Птичья гавань» вызывает в памяти разговор в вагоне.
> 一块写着「鸟港」的牌子，把车厢里的一段对话从记忆里勾了出来。

< А был ли он, этот разговор? Или мое воображение нарисовало его только что, облекая в форму воспоминания?
> 那段对话真有过吗？还是方才想象力刚把它描出来，套上了回忆的外壳？

< Птичья Гавань…здесь садятся тысячи птиц…возможно, и те, персидские, что искали своего птичьего бога, пытаясь понять, что означает его имя, а имя ему было – «Тридцать птиц».
> 鸟港……成千上万的鸟在此落脚……或许还有那些波斯人，他们在寻觅鸟神，想弄懂那名字的含义——那名字唤作「三十只鸟」。

< Тишина. Ни одного птичьего голоса.
> 一片寂静。听不见一声鸟鸣。

< Значит, мне все привиделось. Значит, нет никакой Птичьей Гавани. Не было никакого разговора в поезде.
> 这么说，全是我的幻觉。这么说，根本没有什么鸟港。车厢里也根本没有那段对话。

< Или птицы притихли от страха?
> 还是鸟儿因恐惧而噤了声？

< Вдруг из тьмы впереди выделяется тень. Она еще более темна, чем полное отсутствие света.
> 忽然，前方的暗处浮出一道影子。它比全无光亮还要黑。

< Она велика, и возвышается надо мной, как великан с тысячью лиц, в том мультфильме, я любил смотреть его в юности под пластилином, когда был плановым.
> 它身形巨大，高高压在我头顶，像那个有一千张脸的巨人——我年轻时在计划供应时代爱看的黏土动画里就有它。

< - Ты пришел. Ты пришел в Птичью Гавань.
> ——你来了。你到了鸟港。

< - Тот старик в поезде, ты подослала его?
> ——火车上那个老头，是你派来的？

< - Я.
> ——是我。

< Птица печально шевелит крыльями.
> 鸟悲伤地扇动翅膀。

< - Зачем я тебе?
> ——你找我做什么？

< - Ты должен выполнить то, что от тебя требуют. Отравить людей в подземке. Хочу, чтобы ты осознал важность этого.
> ——你得完成他们交给你的事。在地下铁里下毒。我要你明白这件事有多要紧。

< - Я сделаю это и без тебя, чем бы ты ни была. Они похитили мою сестру.
> ——不管你是什么，没有你我也会做。他们掳走了我妹妹。

< - Я знаю, знаю. Они выполняли мой приказ.
> ——我知道，我知道。他们是在执行我的命令。

< - Скажи мне одну вещь: зачем тебе травить тех людей в метро?
> ——告诉我一件事：你为什么要毒死地铁里的那些人？

< - Они думали, что смогут вырваться из Омской сферы. Мескалин остановит их навсегда. Навсегда обратит их мозги во вторую реальность. Им, облеченным мнимой властью, кажется, что они смогут вырваться из Омской сферы через подземку. Они строили ее все эти годы.
> ——他们以为能逃出鄂木斯克之域。麦司卡林会永远拦住他们，永远把他们的脑子扭进第二重现实。那些自以为握有权柄的人，以为能借地下铁逃出鄂木斯克之域。这些年他们一直在修它。

< - С тех пор, как встретились с тобой?
> ——自从遇见了你？

< - С тех пор, как встретились со мной.
> ——自从遇见了我。

< - Почему бы тебе самой не отравить их? Почему бы тебе не послать в метро своих омичей?
> ——你为什么不亲自下毒？为什么不派你的鄂木斯克人去地铁？

< - В Омске никого нельзя заставить. В Омске нет ограничений. До тех пор, пока не наступит вторая реальность. Мне пришлось подтолкнуть других людей, которые находятся за пределами Сферы.
> ——在鄂木斯克，谁也强迫不了。鄂木斯克没有约束——直到第二重现实降临。我只好去推动域外那些人。

< - Как рыбак ловит рыбу в воде, даже если не умеет плавать?
> ——就像渔夫不会游泳，却能在水里捕鱼？

< - Именно так. Я дотянулась до тебя отсюда. Ты пришел сюда – значит ты сделаешь и следующий шаг.
> ——正是。我从这里伸手够到了你。你能走到这儿，就会再往前迈一步。

< - А если я не сделаю этого?
> ——要是我偏不呢？

< - Твоя сестра – самое дорогое, что у тебя есть. Единственное, что тебе дорого.
> ——你妹妹是你最珍贵的东西。是你唯一在乎的东西。

< Птица права. Надя…Надя, я делаю это для тебя.
> 鸟说得对。娜佳……娜佳，我是为你才这么做的。

< - Вот и хорошо.
> ——那就好。

< Птица читает мои мысли.
> 鸟读出了我的心思。

< - Вот и хорошо, Семен. Сделай это для нее.
> ——那就好，谢苗。为她去做吧。

< Птица простирает свои крылья, и они закрывают небо до горизонта.
> 鸟展开双翼，一直遮到地平线，把天都盖住了。

< Я прихожу в себя в номере гостиницы.
> 我在旅馆客房里醒来。

< Звонит телефон.
> 电话响了。

< Нет, это не такси.
> 不，不是出租车。

< Но голос мне знаком.
> 但这声音我很熟。

< - Алло, Семен, это ты?
> ——喂，谢苗，是你吗？

< - Кто это?
> ——谁啊？

< - Это твоя попутчица, помнишь?
> ——是你的女旅伴，还记得吗？

< - Откуда у тебя мой номер?
> ——你从哪儿弄到我的号码？

< - Нет времени объяснять, у меня для тебя важное сообщение.
> ——没时间解释了，有要紧话跟你说。

< - Давай.
> ——说吧。

< - Ни в коем случае, слышишь, ни в коем случае не делай того, что собираешься сделать!
> ——千万不行，听见没有，千万不行——别做你打算做的事！

< Я уже ничему не удивляюсь.
> 我什么都不觉得意外了。

<  - Нет. Я сделаю. Ради моей сестры.
> ——不。我会做。为了我妹妹。

< - Птица обратит людей в зомби, пойми! Мескалиновый удар навсегда свернет им крышу, навсегда сделает их рабами Птицы!
> ——鸟会把人变成行尸走肉，你明白吗！麦司卡林那一击会永远弄垮他们的神智，永远把他们变成鸟的奴隶！

< - Мне нет до этого никакого дела.
> ——那跟我没关系。

< Я подхожу к окну. На улице светит солнце.
> 我走到窗前。外面阳光正好。

< - Ну что ж, я не хотела этого.
> ——好吧，我本不想这样。

< - Мне все равно.
> ——我不在乎。

< Мне все равно.
> 我不在乎。

< В гостиничный номер врывается воздух.
> 风灌进客房。

< Я вижу отверстие в оконном стекле.
> 我看见窗玻璃上有个洞。

< Быстро разбегающиеся от него в разные стороны трещины.
> 裂纹从洞眼向四周迅速蔓延。

< Окно, это окно разбилось!
> 窗户——这扇窗碎了！

< Я чувствую на своем лице что-то теплое.
> 脸上有什么温热的。

< Тоненькая струйка стекает по щеке вниз.
> 细细一道，顺着脸颊往下流。

< Я не справился.
> 我没能撑住。

< Не смог.
> 没能。

< Прости меня, Надя.
> 原谅我，娜佳。

< Я иду по Омску пешком.
> 我步行穿过鄂木斯克。

< Я шагаю по лабиринтам улиц, мимо старинных зданий, в которых горит свет, и его лучи пересекают мне дорогу.
> 我在迷宫般的街巷里走，经过古旧楼宇；窗里亮着灯，光柱横切过前路。

< На улицах – ни души. Странно, ведь время не такое уж позднее.
> 街上一个人影也没有。怪了，时间还不算晚。

< Где же все они, эти люди, омичи?
> 那些人呢，这些鄂木斯克人，都去哪儿了？

< Неужели сидят по домам?
> 莫非都关在家里？

< Иногда из-за углов выглядывают бродячие собаки.
> 偶尔有流浪狗从街角探出头来。

< Я надеюсь, что это всего лишь бродячие собаки.
> 但愿只是流浪狗。

< Порой мне кажется, что город внимательно наблюдает за мной, этими своими окнами,
> 有时我觉得整座城市都在盯着我——用那些窗户、

< ...глазами бродячих собак, отражениями в лужах.
> ……用流浪狗的眼睛，用水洼里的倒影。

< Он затаился, присматриваясь ко мне – новому здесь человеку.
> 它蛰伏着，打量我这个新来的。

< Непрошенному гостю.
> 不请自来的客人。

< Может быть, я просто далеко от центра, и потому здесь так пусто?
> 也许我离市中心太远，才这么空？

< Через некоторое время я захожу в трущобы. Двухэтажные бараки чернеют по краям разбитой дороги.
> 走了一阵，我进了贫民区。破损的路边，两层的营房黑黢黢地立着。

< Будто я оказался в городе-призраке, заброшенном и забытом.
> 仿佛落进一座遗弃、遗忘的鬼城。

< Тени…Тени мечутся бесшумно, неслышно, заходя мне за спину.
> 影子……影子无声无息地窜动，悄悄绕到我背后。

< Эта прогулка может быть опасной.
> 这一趟路可能很危险。

< И дело даже не в том, что на меня могут напасть.
> 危险还不在于有人会袭击我。

< Я попросту могу заблудиться или, споткнувшись, упасть в глубокую яму.
> 我也许会迷路，也许绊一跤，掉进深坑。

< Из которой мне уже не выбраться.
> 再也爬不出来。

< Как не выбраться из истории, в которую я попал.
> 就像走不出这段把我吞进去的故事。

< Сколько раз жизнь делала мне прозрачные намеки?
> 生活给过我多少次明晃晃的暗示？

< Сколько раз жизнь подсказывала мне, что мне уже хватит?
> 生活又多少次提醒我：够了，该停了？

< Тогда, в больнице, где я лежал после аварии.
> 那次，车祸之后我躺在医院里。

< Тогда, в притоне, где мне вилкой проткнули язык, чтобы вытащить его из глотки.
> 那次，在贼窝里，有人用叉子扎穿我的舌头，好把它从喉咙里撬出来。

< Тогда, среди жуликов, которые уверяли меня, что торговля дрянью – прибыльное дело, а сами уже считали проценты.
> 那次，一帮骗子跟我拍胸脯说倒腾破烂最来钱，自己却在暗地里算利息。

< Я не слышал.
> 我没听见。

< Точнее, не слушал.
> 更准确地说，是不愿听。

< Я думал, что моя юность – это что-то такое вечное, что не закончится никогда.
> 我以为青春是永恒的，永远不会到头。

< Я думал, что мне удастся все пережить.
> 我以为我什么都能扛过去。

< И так, незаметно для себя, я стал конченым человеком.
> 就这样，在浑然不觉中，我成了一个烂掉的人。

< Неожиданно я слышу звук в подворотне.
> 忽然，门洞里传来声响。

< Кто-то плачет. Тонкий детский голосок.
> 有人在哭。细弱的童声。

< Детский голос, здесь?
> 这儿会有孩子的声音？

< Я захожу в переулок
> 我走进小巷

< Я не пойду в переулок!
> 我不进那条巷子！

< Я захожу в переулок.
> 我走进小巷。

< Тьма подползает ко мне из каждого угла.
> 黑暗从每个角落朝我爬来。

< Tьма знает мое имя, и нашептывает мне на ухо.
> 黑暗知道我的名字，在我耳边低语。

< Тьма сильнее меня, и она это знает.
> 黑暗比我更强，它也知道这一点。

< Среди глянцевой черноты я различаю смутные очертания человеческой фигуры.
> 在油亮的黑里，我辨出一道人影的模糊轮廓。

< Это девочка, у нее длинные волосы.
> 是个女孩，长发。

< Она сидит на корточках и плачет.
> 她蹲在地上哭。

< Я не вижу ее лица.
> 我看不清她的脸。

< - Эй, что с тобой? Почему ты плачешь?
> ——喂，你怎么了？为什么哭？

< - С тобой все в порядке?
> ——你没事吧？

< Глупый вопрос. Девочка, плачущая в темноте в центре лабиринта трущоб – это совсем не «все в порядке».
> 蠢问题。在贫民窟迷宫中央、暗处哭泣的女孩，哪里算得上「没事」。

< - Я…Я заблудилась.
> ——我……我迷路了。

< У нее нежный детский голос.
> 她的声音又软又幼。

< - Я... тоже. Тоже заблудился. Как ты забралась сюда?
> ——我……也是。我也迷路了。你怎么走到这儿来的？

< - Я гуляла..После школы…И заблудилась…Я гонялась за Смешным Человечком…
> ——我出来玩……放学以后……就走丢了……我在追那个滑稽小人……

< - Смешным человечком? Каким еще смешным человечком?
> ——滑稽小人？什么滑稽小人？

< Я присаживаюсь на корточки рядом, пытаясь рассмотреть ее лицо.
> 我在她旁边蹲下，想看清她的脸。

< Огромные, блестящие от слез глаза.
> 一双大眼睛，泪光闪闪。

< В них отражается выход из переулка.
> 里头映着巷口的亮光。

< В них отражаются звезды.
> 里头映着星星。

< Ей не больше двенадцати.
> 她不过十二岁上下。

< Она…Красивая.
> 她……真好看。

< Как моя Надя.
> 像我的娜佳。

< Как моя сестренка.
> 像我的小妹妹。

< Самое дорогое мне существо.
> 我最珍爱的人。

< - Смешной Человечек. Он появляется возле школы по четвергам. Если дать ему конфетку – будут хорошие оценки. Так говорили.
> ——滑稽小人。他每星期四在学校旁边出现。给他一颗糖，成绩就会好。大家都这么说。

< - Ты слишком большая, чтобы верить в эти сказки.
> ——你这个年纪，不该还信这些鬼话。

< - Я знаю. Но Смешной Человечек…он приходит по четвергам. Я видела его. И я хотела сегодня дать ему конфету. А он…побежал. И я – за ним. Дурочка.
> ——我知道。可滑稽小人……他星期四会来。我见过他。今天本想给他一颗糖。可他……跑掉了。我就追了上去。我真傻。

< И она всхлипывает, утирая слезу.
> 她抽噎着，擦去眼泪。

< Это так...по-детски.
> 真……孩子气。

< Это так...трогательно.
> 真……叫人心软。

< Неожиданно для себя я обнаруживаю, что ее плач и детская трогательная наивность нравятся мне.
> 我意外地发现，竟有些喜欢她的哭声，喜欢她那份孩子气的、叫人心里发软的天真。

< От звуков ее голоса внутри меня что-то переворачивается.
> 她的声音像有什么东西在我里头翻了个面。

< Эти худые бедра под юбкой.
> 裙下那两条细腿。

< Эти острые голые коленки.
> 那两截尖尖的、光裸的膝盖。

< - И как он выглядит, этот Человечек?
> ——那个小人长什么样？

< - Маленький, в красном плаще с капюшоном с тремя хвостами, а за спиной – крошечный ранец, как у первоклашек.
> ——个子小小的，穿红色带帽斗篷，兜帽上有三条穗子，背上背着一年级新生那种小书包。

< - Его еще называют Птицей, я не знаю, почему.
> ——有人还叫他鸟，我不知道为什么。

< Я вздрагиваю. Птица. Мне не нравится эта история.
> 我打了个寒战。鸟。我不喜欢这故事。

< - Хочешь, я провожу тебя?
> ——要不要我送你？

< Она смотрит на меня. Доверчиво. Ей просто не на кого сейчас надеяться.
> 她望着我。满是信任。此刻她谁也指望不上。

< Она думает, что я, может быть, ее рыцарь-освободитель.
> 她大概把我当成了救她出去的骑士。

< Что там еще могут думать девочки?
> 女孩子还能指望什么呢？

< Что думает моя Надя, связанная, в подвале, там, за тысячи километров отсюда?
> 被绑在地下室里的娜佳，在几千公里外的那头，又在想什么呢？

< Девочка протягивает мне маленькую ладошку.
> 女孩向我伸出小小的手掌。

< - Пойдем.
> ——走吧。

< Она доверилась мне.
> 她信任了我。

< Мне, случайному прохожему.
> 信任我这个路过的陌生人。

< Или все-таки я оказался здесь неслучайно?
> 还是说我出现在这儿，本就不是偶然？

< Я беру ее ладонь в свою руку.
> 我握住她的手。

< Я веду ее вглубь переулка
> 我领着她往巷子深处走

< Я вывожу ее из переулка
> 我领着她走出巷子

< Мы шагаем вглубь переулка.
> 我们向巷子深处走去。

< Знает ли она, почему?
> 她知道为什么吗？

< Догадывается ли, зачем я веду ее туда?
> 她猜得到我为什么要把她往那儿带吗？

< Она прижимается ко мне, и от этого меня заливают волны жара.
> 她挨过来，一股热浪把我淹没了。

< Я обнимаю ее, и она обхватывает меня в ответ.
> 我抱住她，她也回抱住我。

< Так мы и идем во тьму, вместе, обнявшись.
> 我们就这么搂着，一起走进黑暗。

< Оставляя все позади.
> 把一切都抛在身后。

< Я бы шел так целую вечность.
> 我愿意就这样一直走下去。

< Целую вечность.
> 走到永远。

< Когда эта вечность проходит, мы оказываемся в тупике.
> 等这「永远」过去，我们到了死胡同。

< Настоящем, без дураков: высоченная стенка в каменном мешке без окон.
> 货真价实的那种：高墙堵死，像装进一只没有窗的石袋。

< Девочка доверчиво смотрит на меня: куда дальше?
> 女孩信任地望着我：接下来呢？

< Никуда.
> 哪儿也去不了。

< - Ну вот мы и пришли.
> ——好了，我们到了。

< Ее глаза становятся похожими на бездонные озера, в глубине которых шевелятся рыбины страха.
> 她的眼睛像两口深湖，湖底有恐惧的鱼在游动。

< Она пытается отдернуть руку, но я держу ее крепко.
> 她想抽回手，我抓得死紧。

< Свободной рукой я достаю из кармана перочинный нож.
> 空着的那只手从兜里摸出折刀。

< Безделушка, плохо заточенная китайская безделушка.
> 小玩意儿，一把磨得差劲的中国货。

< - Раздевайся.
> ——把衣服脱了。

< Я не узнаю свой голос.
> 我听不出那是自己的声音。

< Девочка делается мягкой, как тряпичная кукла.
> 女孩软下来，像布娃娃。

< Теперь она понимает, что к чему.
> 现在她明白是怎么回事了。

< Я обхожу ее кругом, закрывая собой путь к отступлению.
> 我绕着她转圈，用身体封死退路。

< Теперь ей точно некуда бежать.
> 现在她真的无处可逃了。

< - Понимаешь, ты ни в чем не виновата.
> ——你听我说，错不在你。

< - У меня есть сестра, ей почти столько же, как и тебе.
> ——我有个妹妹，年纪跟你差不多。

< - Они…плохие люди забрали ее у меня.
> ——他们……坏人把她从我身边夺走了。

< - Это же несправедливо.
> ——这太不公平了。

< - За это я заберу тебя у этого мира, полного несправедливости.
> ——所以我要把你从这个满是不公的世界手里夺过来。

< Она не слышит меня.
> 她听不见我说话。

< Она...
> 她……

< Не слышит меня!
> 听不见我说话！

< Не выпуская ножа, я зажигаю огонек зажигалки.
> 刀没松手，我打着打火机。

< Она улыбается.
> 她在笑。

< Девочка улыбается мне в лицо.
> 女孩当着我的面笑。

< Что с ней происходит?
> 她怎么了？

< Ее глаза наливаются кровью.
> 她的眼睛充起血来。

< В одно мгновение ее глаза становятся двумя блестящими кругами крови.
> 刹那间，双目变成两圈血亮的圆。

< Кровь выливается из них, стекая вниз по щекам.
> 血从眼里涌出来，顺着脸颊往下淌。

< - Залго.
> ——扎尔戈。

< Она произносит это странное слово чужим, глухим, мужским голосом.
> 她用陌生、低沉的男声，吐出这个怪词。

< Зажигалка падает из моих рук.
> 打火机从手里跌落。

< И наступает Тьма.
> 黑暗降临。

< Мы шагаем из переулка.
> 我们走出小巷。

< Прочь отсюда.
> 离开这儿。

< Из царства тьмы в лабиринте трущоб.
> 从贫民窟迷宫里的黑暗王国，

< Прочь из этого города.
> 离开这座城市。

< Хотя бы ее, эту девочку я смогу спасти.
> 至少这个女孩儿，我总算能救下来。

< Хотя бы ее.
> 至少是她。

< Мы шагаем, и она крепко держит меня за руку.
> 我们走着，她紧紧攥着我的手。

< Через некоторое время мы выходим на освещенные улицы.
> 走了一阵，我们到了有灯的大街上。

< Здесь уже лают за заборами собаки, а в окнах горит свет.
> 栅栏后面已有狗在叫，窗里亮着灯。

< - Ну вот, мы и вышли.
> ——好了，我们出来了。

< Она смотрит на меня с восхищением.
> 她满眼崇拜地望着我。

< Я – ее спаситель.
> 我是她的救星。

< - Теперь найдешь дорогу?
> ——现在找得到路了吗？

< - Теперь – найду.
> ——现在——找得到了。

< - Ну, давай. Не заходи в темные переулки.
> ——好了，快回去吧。别进黑巷子。

< Она мнется.
> 她扭扭捏捏的。

< Словно хочет мне что-то сказать.
> 像是有话要说。

< Я догадываюсь: она хочет меня поблагодарить.
> 我猜她是想谢我。

< Она манит меня пальцем.
> 她用手指勾我过去。

< Сказать мне что-то на ушко.
> 想在我耳边说句话。

< Я наклоняюсь к ней, и она неловко целует меня в щеку.
> 我俯下身，她笨拙地在我脸颊上亲了一下。

< - Спасибо
> - 谢谢

< - Не за что.
> - 这算什么。

< От этого невинного поцелуя мое лицо горит, будто меня облили бензином и бросили спичку.
> 那一个天真无邪的吻，让我的脸烧起来，像有人往我身上浇了汽油，又掷下火柴。

< - Если ты встретишь Человечка, и вдруг испугаешься его, расскажи ему считалочку, и он не будет тебя пугать.
> - 要是你遇上小人儿，忽然怕他，就给他念段数数谣，他就不会吓你了。

< - Какую?
> - 哪一段？

< - Пять, четыре, три – у тебя внутри. Два-один-ноль  - собственная боль.
> - 五、四、三——在你体内。二、一、零——自己的痛。

< - Запомнил?
> - 记住了吗？

< - Запомнил.
> - 记住了。

< И она исчезает в треугольниках света уличных фонарей.
> 她消失在街灯投下的三角形光里。

< Я понимаю, что если зайду в подворотню – больше не выйду.
> 我明白，要是走进那条死巷，就再也出不来了。

< Потому что этот плач неспроста.
> 因为这哭声不是无缘无故的。

< Неслучайно кто-то плачет здесь, посреди чужого города, подманивая меня к себе.
> 在陌生城市的正中，有人哭泣，把我往他那边引——这绝不是偶然。

< Притворяясь моей сестрой.
> 冒充我妹妹。

< Я разворачиваюсь, и что есть духу бегу оттуда, из это проклятого темного угла.
> 我掉头就跑，使出全身力气，逃出那个该死的黑角落。

< Я не знаю, сколько времени проходит, прежде чем я выходу на освещенные улицы.
> 不知过了多久，我才走到有灯亮的街上。

< Я плыву по Омску, отмеряя расстояние шагами и вдохами, ударами измученного сердца.
> 我在鄂木斯克漂流，用脚步、呼吸、疲惫心跳丈量距离。

< Теперь он становится более знакомым.
> 它渐渐眼熟起来。

< Более зримым.
> 也更真切可辨。

< Правда, это не имеет никакой пользы.
> 当然，于事无补。

< Не содержит никакого смысла.
> 也毫无意义。

< Как не содержит в себе смысла книга
> 就像一本

< ...на чужом языке.
> ……用外语写的书，读不出意思。

< Я должен двигаться, если не хочу здесь застрять.
> 我得继续走，不然会困死在这里。

< Я беру с собой бумажник.
> 我带上钱包。

< Мелочи в моих карманах будет достаточно
> 口袋里的零钱

< Я решаю поймать такси. Хорошо, что я взял с собой деньги.
> 我决定叫出租车。幸好带了钱。

< У меня с собой очень мало денег, поэтому я не могу поймать такси.
> 身上钱太少，叫不了出租车。

< Я сажусь в первый попавшийся автобус – замечаю номер «410» на его борту, там, где красная краска еще не облупилась – и в его железном громыхающем горячем чреве еду вперед.
> 我上了头一辆路过的公交——车身侧面还留着没剥落的红漆，号码是「410」——在铁壳子轰鸣滚烫的肚子里，一路往前颠。

< Или...назад? Нет никакой разницы.
> 或者说……往后？反正一样。

< — Да.
> - 是的。

< Теперь…
> 现在……

< Это…
> 这……

< Правда…
> 真的……

< - Пойдем со мной. Нам предстоит навести порядок в этом городе.
> - 跟我来。我们得把这座城市理一理。

< И мы пошли.
> 于是我们走了。

< Обнявшись.
> 勾肩搭背。

< Как старые приятели.
> 像多年的老友。

< Я и Омская Птица.
> 我和鄂木斯克之鸟。

< И ты, ты тоже
> 还有你，你也

< ...приезжай...
> ……来吧……

< Мы ждем тебя.
> 我们等你。

< Здесь можно жить вечно.
> 在这儿可以永远活下去。

< И состариться за один день.
> 一天之内就老掉。

< Быть может, это как раз мой день.
> 也许今天就是我的那一天。

< Моя молодость, мои мечты. Они давно протухли.
> 我的青春，我的梦。早就腐烂了。

< Превратились в отвратительную чёрную жижу, в которой плавает моё утомлённое сознание.
> 化成了令人作呕的黑浆，我疲惫的意识就漂在上面。

< Я смотрю на уличные фонари, на яркие вывески магазинчиков.
> 我看着路灯，看着小店亮晃晃的招牌。

< Я не вижу света.
> 我看不见光。

< Тусклое, натужное мерцание ламп. Оно не способно развеять тьму, застлавшую мои глаза.
> 灯昏黄地、吃力地闪着。照不穿蒙在我眼里的那层暗。

< Я медленно ковыляю по улицам, удаляясь от центра.
> 我慢慢挪着步子离开市中心。

< На плечи всё сильнее и сильнее давит пустота.
> 空虚越压越重，全压在肩上。

< В конце концов, мои ноги начинают подкашиваться. Я опираюсь о столб с дорожным знаком и сползаю по нему вниз.
> 终于腿软了。我靠上有路标的灯柱，顺着滑坐到地上。

< Усевшись на асфальте, я поднимаю голову и смотрю на знак.
> 坐在柏油路上，我抬头看那块牌子。

< «Без ограничений»
> 「不限速」

< В Омске нельзя ничего запретить.
> 在鄂木斯克，什么都不能禁止。

< Я оглядываюсь по сторонам.
> 我环顾四周。

< Улица почти пуста, только у следующего перекрёстка стоит одинокая проститутка.
> 街上几乎没人，下一个路口站着个孤零零的妓女。

< Она устало провожает взглядом проезжающие мимо машины.
> 她倦倦地目送一辆辆车过去。

< Судя по всему, у неё сегодня тоже тяжёлый день.
> 看来她今天也不好过。

< Я закрываю глаза и вслушиваюсь в уличный шум.
> 我闭上眼，听街上的嘈杂。

< Я сижу так довольно долго.
> 就这么坐了很久。

< Странное шуршание рядом заставляет меня открыть глаза.
> 身旁一阵奇怪的窸窣，逼我睁开眼。

< В метре от меня на асфальт садится проститутка. В руках у неё полупустая бутылка пива.
> 离我一步远，那妓女也坐到了路面上。手里半瓶啤酒。

< — Хочешь?
> — 喝一口？

< ...спрашивает она меня и протягивает бутылку.
> ……她问，把瓶子递过来。

< Я молча беру её и делаю большой глоток.
> 我默默接过，猛灌一口。

< Горлышко бутылки пахнет губной помадой.
> 瓶口一股口红味。

< Пиво, на удивление, оказывается неплохим. Внутри от него всё теплеет.
> 啤酒居然不坏。喝下去，胸口暖了一截。

< Я закрываю глаза и прислушиваюсь к ощущениям.
> 我闭上眼，细听身体里的动静。

< Сердце гулко бьётся в груди. Лёгкие поскрипывают, наполняясь воздухом.
> 心在胸腔里闷响。肺吸气时吱呀作响。

< Голова гудит.
> 脑袋嗡嗡的。

< Бутылка выскальзывает из моих рук и катится по асфальту, выплёскивая содержимое.
> 瓶子从手里滑脱，滚过柏油路，酒洒了一地。

< Девушка проворно бросается за ней, в надежде спасти хоть что-то.
> 姑娘飞身去追，想捞回点什么。

< Она оборачивается и пристально смотрит на меня.
> 她回头，定定看着我。

< — Всё так плохо?
> — 这么糟？

< ...спрашивает она. Я киваю.
> ……她问。我点头。

< — А ты где живёшь?
> — 你住哪儿？

< — В гостинице.
> — 旅馆。

< — Ты не местный?
> — 你不是本地人？

< Она сочувственно качает головой.
> 她同情地摇头。

< — Может, пойдём ко мне?
> — 要不，去我那儿？

< — Давай.
> — 走吧。

< Она подставляет плечо и помогает мне подняться. Так мы и идём — я, держась за её плечо, и она, обхватывая меня за талию.
> 她架起肩膀扶我起来。就这么走——我搭着她的肩，她揽着我的腰。

< Мы проходим несколько кварталов и сворачиваем в проулок. Потом идём дворами, между уродливых тополей с одной стороны и мрачных гаражей с другой.
> 穿过几个街区，拐进一条小弄。再穿院，一边是丑得扎眼的白杨，一边是阴沉的车库。

< Заходим в ветхий подъезд, дверь жалобно скрипит, закрываясь за нами.
> 进了栋破楼门斗，门在身后可怜地吱呀关上。

< Она живёт на первом этаже. Я очень рад тому, что не надо карабкаться по лестницам.
> 她住一楼。不用爬楼梯，我松了口气。

< Она отпирает дверь, помогает мне зайти внутрь и щёлкает выключателем в прихожей.
> 她开门，扶我进去，在门厅啪嗒按亮灯。

< Яркий свет бьёт мне в глаза. Я щурюсь и пытаюсь осмотреться.
> 强光直刺眼睛。我眯着眼，想看清四周。

< В квартире очень уютно.
> 屋里很舒坦。

< Нет, на самом деле. Очень уютно.
> 不，我是说，真的很舒坦。

< Я вижу, что квартира — это всё, что у неё есть. Маленький кусочек тепла в океане ненависти и лжи.
> 我看出来了：这套小窝就是她的全部。仇恨与谎言的海洋里，一小块暖意。

< Место, где она может запереться и чувствовать себя в безопасности.
> 她可以锁上门、觉得安全的地方。

< Я не думаю, что она водит сюда клиентов.
> 我想她不会把客人领进这儿。

< — Пойдём на кухню.
> — 去厨房吧。

< Я разуваюсь и прохожу за ней на кухню. Она включает чайник и указывает мне на стул.
> 我脱鞋，跟着进厨房。她烧上水，指了指椅子让我坐。

< Наконец-то! Я сажусь и с наслаждением вытягиваю ноги. Она куда-то уходит.
> 总算能歇了！我坐下，把腿舒展开。她转身走开。

< Вернувшись, она протягивает мне пакетик с порошком.
> 回来时，她递来一小包粉末。

< — Возьми, это тебе поможет.
> — 拿着，对你有用。

< — Что это?
> — 这是什么？

< — Пейот.
> — 佩奥特。

< Натуральный мескалин. Сколько бы я ни бежал, куда бы я ни прятался, мои демоны найдут меня.
> 天然麦司卡林。我跑再远，躲再深，恶魔也会找上来。

< Я закидываюсь.
> 我吞了下去。

< Она снова уходит, на этот раз надолго. Я слышу шум воды в ванной.
> 她又走了，这回去得久。浴室里水声哗哗。

< Когда она возвращается, я её не сразу узнаю. Нет больше толстого слоя косметики на лице, нет безвкусной короткой юбки и чулок. Простой домашний халат и простое, искреннее лицо.
> 等她回来，我一时没认出来。浓妆没了，俗气的短裙和丝袜也没了。家常袍，一张素净的脸。

< — Хочешь чаю?
> — 喝茶吗？

< — Да, с удовольствием.
> — 好，求之不得。

< Мы сидим и пьём вкусный чай с печеньем. Она внимательно смотрит на меня.
> 我们坐着，喝茶，吃饼干。她仔细打量我。

< — Ты уже видел её?
> — 你已经见过她了？

< — Кого?
> — 谁？

< — Птицу.
> — 鸟。

< — Птицу?
> — 鸟？

< Она видит, что я её не понимаю.
> 她看出我没听懂。

< — Омская Птица. Три красных хохолка, жёлтый клюв, ранец за спиной.
> — 鄂木斯克之鸟。三根红羽冠，黄喙，背上有只书包。

< — Ранец за спиной у птицы?
> — 鸟还背书包？

< Моё лицо принимает скептическое выражение. Она смотрит на меня, как на ребёнка.
> 我脸上写满不信。她看我的眼神，像看个孩子。

< — Это не та птица, которую можно увидеть на небе или на ветке.
> — 不是天上、枝头能看见的那种鸟。

< ...терпеливо объясняет она.
> ……她耐心解释。

< — Это Птица, которая рано или поздно приходит ко всякому, кто задерживается здесь.
> — 是迟早会找上每个在此久留之人的那只鸟。

< — А мне кажется, ты здесь надолго.
> — 我看你，是要留很久的。

< — У меня уже куплен обратный билет.
> — 回程票我都买好了。

< Она усмехается и качает головой.
> 她冷笑，摇头。

< — Если бы всё было так просто...
> — 要是真这么简单就好了……

< — Это место затягивает. Останешься здесь на одну ночь, и уже больше никогда не найдёшь в себе сил уехать отсюда.
> — 这地方会吸住人。多留一夜，就再也挪不动脚离开。

< Она берёт меня за руку.
> 她握住我的手。

< — Но я хочу, чтобы эта ночь тебе запомнилась. Пойдём.
> — 可我想让你记住这一夜。来。

< Она встаёт и тянет меня за собой. Мы проходим вглубь квартиры, в спальню.
> 她起身，拉着我往里走，进卧室。

< Широкая кровать стоит посреди комнаты.
> 一张宽床摆在房间正中。

< На тумбочке, на полках, на столе — всюду вокруг стоят свечи.
> 床头柜上、架子上、桌上——到处点着蜡烛。

< Я сажусь на кровать и начинаю раздеваться.
> 我在床边坐下，开始脱衣服。

< Она достаёт из ящика спички и поджигает маленькую свечку. Потом идёт с ней по кругу и зажигает от неё большие свечи.
> 她从抽屉里摸出火柴，点亮一支小蜡烛，然后绕着房间走，一根根引燃那些大蜡烛。

< Где-то на этом пути с неё незаметно сползает халат, и она остаётся совершенно обнажённой.
> 走到一半，长袍悄然滑落，她一丝不挂。

< Я тоже снимаю с себя всю одежду и ложусь, любуясь отражением пламени десятков свечей на женском теле.
> 我也脱光躺下，看几十支蜡烛的火光在女人身上跳动。

< Закончив с свечами, она подходит к кровати и ложится рядом со мной, прижимаясь всем телом.
> 点完蜡烛，她挨床躺下，整个人贴上来。

< Наши губы находят друг друга. Моя рука скользит по её спине вниз, я сжимаю ладонью её упругую попку.
> 嘴唇相触。我的手沿她脊背滑下去，掌心扣住她紧实的臀。

< Она перешагивает через меня и оказывается сверху. Её тело извивается в моих объятьях, касаясь меня, скользя по мне.
> 她跨到我身上。在我怀里扭动，蹭我，滑过我。

< Я закрываю глаза, полностью отдаваясь её власти. Она опускается всё ниже и ниже, пока я не чувствую, как мой член оказывается у неё во рту.
> 我闭上眼，任她摆布。她一路往下，直到阳具抵到她唇间。

< Я судорожно ловлю ртом воздух.
> 我痉挛着倒抽一口气。

< Она чувствует, что так я не смогу продержаться долго. Она поднимается и направляет член в себя.
> 她知道我撑不了多久，便起身，把阳具纳进自己体内。

< Я издаю глубокий стон.
> 我发出一声低沉的呻吟。

< Она начинает бешеную скачку. Пот на её бёдрах сверкает в свете свечей.
> 她疯狂地起伏。大腿上的汗在烛光里闪亮。

< Не знаю, как я держался до сих пор, но больше я не могу бороться с волнами наслаждения, захлёстывающими меня.
> 不知先前怎么熬过来的，此刻我再挡不住快感一波波涌来。

< Все мои мышцы напрягаются, я выгибаюсь дугой и начинаю хрипеть.
> 全身肌肉绷紧，我弓起身子，喉间发出嘶哑的喘息。

< — О да! Давай! Сделай это, милый! О да! Да! Да!
> — 哦，对！来！亲爱的，做啊！哦，对！对！对！

< Я лежу на кровати обессиленный. Она целует моё полубесчувственное тело.
> 我瘫在床上。她吻着我半失去知觉的身体。

< Сон одолевает меня. Глаза сами собой закрываются, и моё дыхание становится глубоким и ровным.
> 睡意压下来。眼皮自己合上，呼吸又深又匀。

< — Милый, не засыпай. Такси уже ждёт тебя.
> — 亲爱的，别睡。出租车在等你了。

< — Что за такси?
> — 什么出租车？

< ...бормочу я, проваливаясь в сон.
> ……我嘟囔着，坠入梦乡。

< И тут же прихожу в себя на заднем сидении такси.
> 转眼又在出租车后座上醒来。

< — Милый, не засыпай. Ты опоздаешь на автобус.
> — 亲爱的，别睡。你要赶不上公交了。

< — Какой автобус?
> — 什么公交？

< ...бормочу я.
> ……我嘟囔。

< — Четыреста десятый.
> — 四百一十。

< ...будто бы слышится мне, и я проваливаюсь в сон.
> ……仿佛听见了这句话，我又睡过去。

< И тут же прихожу в себя в салоне автобуса.
> 转眼又在公交车厢里醒来。

< Мы едем по ночному Омску.
> 车在夜色里的鄂木斯克穿行。

< — Куда вам?
> — 去哪儿？

< Я не знаю, что ответить. Если честно, я никуда не хочу.
> 我不知道该说什么。老实说，哪儿都不想去。

< Просто ехать. Неужели это так сложно? Просто ехать, без цели, без остановок.
> 只想一直开。这很难吗？只管开，没有目的地，也不停。

< Я хочу проехать через Бесконечный Омск насквозь, потом развернуться и проехать через него ещё раз.
> 我想穿过无尽的鄂木斯克，再掉头，再穿一遍。

< Думаю, такое путешествие займёт у меня всю оставшуюся вечность.
> 这趟路，大概要花掉我余下的全部永恒。

< ...повторяет таксист настойчиво. Я пытаюсь собраться с мыслями.
> ……司机又催了一遍。我努力把念头拢回来。

< В Птичью Гавань
> 去鸟港

< К Птице
> 去找鸟

< Обратно в гостиницу
> 回旅馆

< — К Птице.
> — 去找鸟。

< ...говорю я первое, что приходит в голову.
> ……我脱口说出第一个冒出来的词。

< — К Птице? Это в казино, что ли?
> — 找鸟？是说赌场吧？

< — Казино?
> — 赌场？

< — Ну да, казино «Птичья Гавань». Его все называют «Птицей». Только мало кого пускают внутрь.
> — 嗯，鸟港赌场。大家都叫它「鸟」。能进的人不多。

< — Знаете, мне кажется, мне нужно именно туда.
> — 我想，我正是该去那儿。

< — Хорошо, будем там через двадцать минут.
> — 好，二十分钟到。

< Такси разворачивается посреди улицы и набирает скорость.
> 出租车在路当中掉头，猛地加速。

< Машина стремительно несётся по полупустым улицам ночного Омска. Кажется, даже светофоры пугливо переключаются на зелёный, едва завидя нас.
> 车在鄂木斯克半空的夜街上飞奔。连红绿灯一见我们就怯怯地变绿。

< Через двадцать минут мы останавливаемся возле здания с ярко мерцающей вывеской «Птичья Гавань».
> 二十分钟后，车停在一栋楼下，「鸟港」的招牌明灭闪烁。

< Я расплачиваюсь и выхожу из такси. Два охранника, негромко переговаривающиеся у входа, умолкают и синхронно поворачивают головы в мою сторону.
> 我付完钱下车。门口两个保安正低声说话，见我立刻噤声，齐刷刷转头。

< Я твёрдым шагом иду к ним.
> 我稳着步子朝他们走去。

< Один из них что-то быстро говорит другому и они расступаются.
> 其中一个飞快地跟同伴说了句什么，两人让开道。

< Меня здесь ждут?
> 他们在这儿等我？

< Я захожу внутрь. Роскошная отделка, безупречный персонал. Гнетущая атмосфера.
> 我走进去。装潢奢华，侍者无可挑剔。气氛却令人窒息。

< Подхожу к кассе, и у меня лезут на лоб глаза от номиналов фишек. Здесь играют по-крупному.
> 走到兑筹码的柜台，光看面额就把我惊到了。这儿玩大的。

< Денег в бумажнике хватает только на одну фишку.
> 钱包里的钱，只够换一枚筹码。

< Кассирша широко улыбается и неотрывно смотрит на меня мёртвыми глазами. Я протягиваю ей деньги и получаю от неё пластиковый кружок.
> 女收银员咧嘴笑着，一双死鱼眼直勾勾盯着我。我递钱过去，她回给我一枚塑料筹码。

< На лицевой стороне — номинал. На оборотной — странная фигура в красном одеянии, с тремя красными колпаками и жёлтым... клювом?
> 正面是面值。背面是个怪人——红袍，三顶红帽，还有黄色的……喙？

< Кажется, эту фигуру и называют Птицей в Омске.
> 在鄂木斯克，他们管这形象叫「鸟」。

< Я прохожу в зал. Посетители, все как один, одеты очень дорого, но на редкость безвкусно. Моим глазам становится больно от взгляда на них.
> 我进大厅。客人个个穿金戴银，品味却烂得出奇。看他们一眼，眼睛都疼。

< Среди этих людей я замечаю Связного. Он тоже замечает меня и скалится своими отвратительными жёлтыми зубами.
> 人群里我看见了接头人。他也看见我，龇出一口恶心的黄牙。

< Он наклоняется к стоящему рядом толстяку и что-то ему шепчет. Толстяк вздрагивает и смотрит на меня, как на неведомую зверушку.
> 他凑到旁边一个胖子耳边嘀咕。胖子一抖，像看某种不明小兽似的看着我。

< Очень скоро все присутствующие, включая персонал, начинают украдкой кидать на меня заинтересованные взгляды.
> 很快，在场所有人——连侍者在内——都开始偷偷打量我。

< По спине проходит холодок.
> 脊背窜过一阵凉。

< Я подхожу к столу с рулеткой. Стоит сыграть, раз уж я купил фишку.
> 我走到轮盘赌桌边。筹码都换了，不妨赌一把。

< Поставить на красное
> 押红

< Поставить на чёрное
> 押黑

< красное
> 红

< чёрное
> 黑

< правильно
> 正确

< неправильно
> 错误

< Я ставлю на %(mybet)s.
> 我押 %(mybet)s。

< Рулетка крутится, выпадает 55 %(winbet)s. Я проиграл.
> 轮盘飞转，开出 55 %(winbet)s。我输了。

< Рулетка крутится, выпадает 55 чёрное. Я проиграл.
> 轮盘飞转，开出 55 黑。我输了。

< Рулетка крутится, выпадает 55 красное. Я проиграл.
> 轮盘飞转，开出 55 红。我输了。

< Выпадает 55 чёрное. И как я угадал?
> 开出 55 黑。我怎么会猜中？

< Выпадает 55 красное. И как я угадал?
> 开出 55 红。我怎么会猜中？

< 55. Странное какое-то число. Разве такое бывает на обычной рулетке?
> 55。怪数。普通轮盘上有这号吗？

< Я прикрываю глаза ладонью и массирую виски, пытаясь вспомнить, где же я видел это число.
> 我捂眼揉太阳穴，拼命想在哪儿见过这数字。

< Номера машин! Я видел число 55 на каждом автомобильном номере в Омске. Это код Омска.
> 车牌！鄂木斯克每块车牌上都有 55。那是鄂木斯克的代号。

< Но наносить его на рулетку?
> 可把它刻进轮盘？

< Внезапно я чувствую лёгкий хлопок по спине.
> 忽然有人轻轻拍我后背。

< — Кончились фишки? Ерунда. На, возьми одну. У меня их много.
> — 筹码没了？小事。拿着，再给你一枚。我多得是。

< От его приторного дружелюбия меня тошнит. В его щедрости я чувствую западню.
> 他甜腻的殷勤让我反胃。那慷慨里，我嗅到陷阱。

< Но я беру фишку. Мне уже всё равно.
> 我还是收下了。反正都无所谓了。

< Теперь у меня %(chips)s фишек. Я ставлю их все.
> 现在我手上有 %(chips)s 枚筹码。我全部押上。

< Теперь у меня есть фишка. Я делаю ставку.
> 现在我有一枚筹码。我下注。

< На красное
> 押红

< Я ставлю на красное.
> 我押红。

< Выпадает 55 чёрное. Я проиграл.
> 开出 55 黑。我输了。

< На чёрное
> 押黑

< Я ставлю на чёрное.
> 我押黑。

< Выпадает 55 красное. Я проиграл.
> 开出 55 红。我输了。

< На 55
> 押 55

< — Возьми ещё одну.
> — 再拿一枚。

< Отказываться смысла нет.
> 拒绝也没意义。

< Я ставлю на 55.
> 我押 55。

< Выпадает 55 %(winbet)s. И как я угадал?
> 开出 55 %(winbet)s。我怎么会猜中？

< У меня %(chips)s фишек. Это огромная сумма. Я даже могу отдать долг.
> 我手上有 %(chips)s 枚筹码。数目惊人。连债都能还清了。

< Поворачиваюсь к Связному.
> 我转向接头人。

< — Я могу отдать долг.
> — 我可以还债了。

< Он кивает.
> 他点头。

< — Можешь. Но это ничего не изменит. Деньги не имеют значения.
> — 可以。但这改变不了什么。钱没有意义。

< Последняя фраза почему-то кажется ему смешной.
> 最后那句，不知怎的，他自己先觉得好笑了。

< — Деньги не имеют значения!
> — 钱没有意义！

< Он начинает хохотать, как сумасшедший.
> 他像疯了一样大笑。

< — В Омске! Деньги! Не имеют! Значения!
> — 在鄂木斯克！钱！不！值！钱！

< ...кричит он. Люди в зале оборачиваются на нас и тоже начинают смеяться.
> ……他喊着。大厅里的人纷纷回头，也跟着笑。

< Весь зал смеётся надо мной. Они все сошли с ума.
> 整个大厅都在笑我。他们都疯了。

< Это невыносимо. Я начинаю паниковать.
> 实在受不了。慌意涌上来。

< Я поворачиваюсь ко всем спиной и бегу из зала. Их хохот преследует меня.
> 我背对大家，冲出大厅。笑声追在身后。

< Кажется, я свернул не туда. Вместо выхода, я всё больше и больше углубляюсь в здание.
> 好像走错了。本该找出口，却越钻越深。

< На одной из дверей я вижу значок туалета. Там можно успокоиться и отсидеться. Навалившись на дверь, заскакиваю внутрь.
> 一扇门上挂着厕所标志。那儿能喘口气、躲一躲。我推门冲进去。

< Белый пол, белый потолок, белые стены.
> 白地板，白天花板，白墙。

< Яркий белый свет.
> 刺眼的白光。

< И тишина.
> 还有死寂。

< Несколько секунд я стою неподвижно, тяжело дыша. Потом поправляю одежду и иду к кабинкам.
> 我僵了几秒，粗重地喘气。然后理理衣服，走向隔间。

< Их всего три. Я захожу в среднюю, запираю за собой дверь и сажусь на унитаз.
> 一共三间。我进中间那间，锁门，坐在马桶上。

< Сердце гулко стучит. Нужно успокоиться.
> 心闷响地跳。得冷静下来。

< Всё хорошо. Не думай ни о чём. Нет повода для беспокойства. Ничего не произошло.
> 没事的。什么都别想。没理由慌。什么也没发生。

< Дверь в туалет открывается, и кто-то заходит.
> 厕所门开了，有人进来。

< Я слышу его шаги. Очень странные шаги. Клацающие, скребущиеся.
> 我听见脚步声。很怪。咔嗒，刮擦。

< У меня опять начинается паника. Я залезаю ногами на унитаз и зажимаю уши ладонями.
> 恐慌又上来了。我双脚缩上马桶，双手死死捂住耳朵。

< Меня здесь нет. Я никого не слышу.
> 我不在这儿。我什么也没听见。

< Ручка моей кабинки медленно поворачивается. Я чувствую, что кто-то дёргает за неё с той стороны. Но шпингалет выдерживает.
> 隔间门把手慢慢转动。外面有人在拽。插销还撑得住。

< Я поднимаю глаза вверх и смотрю выше двери.
> 我抬眼，看向门上方。

< Три красных колпака почти касаются потолка.
> 三顶红帽，几乎顶到天花板。

< За дверью стоит Птица.
> 门外站着鸟。

< Я зажмуриваю глаза и ещё сильнее прижимаю ладони к ушам.
> 我紧闭双眼，把耳朵捂得更死。

< Из моего рта непроизвольно вырывается долгий стон, я начинаю раскачиваться на унитазе.
> 一声长吟不由自主冲出喉咙，我在马桶上前后摇晃。

< В моей голове стоит страшный шум. Постепенно из этого шума начинают проявляться слова.
> 脑子里轰响一片。渐渐，噪声里浮出字句。

< «Отдай её, отдай её, отдай её.»
> 「交出来，交出来，交出来。」

< «Отдай мне свою сестру, и это всё закончится.»
> 「把你妹妹交给我，一切就结束。」

< «Попроси её приехать в Омск, и вы всегда будете вместе.»
> 「请她来鄂木斯克，你们就能永远在一起。」

< «В Омске вас никто и никогда не разлучит.»
> 「在鄂木斯克，没人能把你们分开，永远不会。」

< «Всегда вместе, всегда вместе, всегда вместе.»
> 「永远在一起，永远在一起，永远在一起。」

< «В Омске, в Омске, в Омске.»
> 「在鄂木斯克，在鄂木斯克，在鄂木斯克。」

< — Нееет!
> — 不——！

< ...кричу я в отчаянии и начинаю судорожно махать руками.
> ……我绝望地喊，双手乱挥。

< Вдруг моя рука на что-то натыкается. Это туалетный ёршик.
> 手忽然碰到什么。马桶刷。

< Я хватаю его и со всей силы запускаю над дверью.
> 我抓起它，使尽全力从门上方扔出去。

< Ёршик пролетает через всё помещение и ударяется в зеркало.
> 马桶刷飞过整个厕所，砸在镜子上。

< Осколки зеркала падают в раковину.
> 镜子碎片落入水槽。

< Страшный удар сотрясает мою кабинку. Я смотрю на стенку и вижу торчащее из неё лезвие топора.
> 猛的一震，隔间都在晃。我望向墙板——一把斧刃从里面穿了出来。

< Топор исчезает и новый удар заставляет меня сжаться. Кто-то рубит ко мне окно из соседней кабинки.
> 斧刃抽走了，又是一记重砍，我只好缩成一团。隔壁隔间里，有人正朝我这边劈窗。

< Ещё несколько ударов, и в стене появляется небольшое отверстие.
> 又砍了几斧，墙上凿开一个小洞。

< Сначала в отверстии мелькает чья-то одежда, потом появляется глаз. Женский.
> 洞里先闪过一片衣角，随即露出一只眼睛。女人的。

< На меня внимательно смотрят.
> 那眼睛盯住我，看得仔细。

< Через несколько секунд топор продолжает свою работу.
> 几秒后，斧头又抡开了。

< Отверстие ширится, я могу видеть всё больше и больше.
> 洞越凿越大，我能看见的东西也越来越多。

< Наконец, девушка вырубает достаточно большое окно.
> 女孩终于劈出一块足大的窗洞。

< Она садится на унитаз и заглядывает ко мне.
> 她坐上马桶，朝我这边张望。

< Я узнаю её. Это моя попутчица, вместе с которой я приехал в Омск.
> 我认出了她。是我的女旅伴，跟我一道来鄂木斯克的。

< — Всё хорошо?
> ——一切都还好？

< ...спрашивает она ласковым голосом.
> ……她柔声问。

< Учитывая ситуацию, этот вопрос кажется мне чудовищно неуместным.
> 就眼下的情形，这问题荒诞得不像话。

< Я прислушиваюсь. В туалете тихо и, кажется, никого нет, кроме нас с Попутчицей.
> 我竖耳细听。厕所里静得很，好像除了我和女旅伴，再没别人。

< Я опускаю затёкшие ноги на пол и стряхиваю с себя щепки.
> 我把发酸的双脚挪到地上，掸掉身上的木屑。

< — Честно сказать, всё очень плохо.
> ——老实说，糟透了。

< — У меня тоже. Из сливного бачка течёт совершенно чёрная вода. Вот, смотри.
> ——我也一样。水箱里流出来的水，黑得跟墨似的。你瞧。

< Она вскакивает, поворачивается и спускает воду.
> 她腾地站起，转身按下冲水钮。

< Я наклоняюсь к кривому окошку и заглядываю в её унитаз.
> 我凑到那扇歪歪扭扭的窗洞前，探头看她的马桶里。

< Действительно, вода абсолютно, непроглядно черна.
> 果然，水黑得伸手不见五指。

< — А у тебя?
> ——你呢？

< Честно говоря, цвет воды в моём унитазе — это последнее, что меня заботит.
> 老实说，马桶里水是什么颜色，是我此刻最不在乎的事。

< Но я встаю и спускаю воду.
> 我还是起身，按下了冲水。

< Вода красна, как кровь.
> 水是红的，跟血一样。

< — Вот видишь. У меня — чёрное, у тебя — красное.
> ——瞧。我这边黑，你那边红。

< Я перевожу взгляд с унитаза на унитаз. Чёрное и красное.
> 我的目光在两个马桶之间来回。一黑一红。

< Рука сама собой залезает в карман и нащупывает там фишку.
> 手不由自主地探进口袋，摸到一枚筹码。

< Видимо, я успел сунуть её в карман перед бегством из зала.
> 看来逃出来之前，我把它塞进了口袋。

< Не знаю зачем, но я достаю фишку и кидаю её в унитаз.
> 也不知道为了什么，我掏出筹码，扔进马桶。

< — Ставок больше нет.
> ——押注就此了结。

< И спускаю воду ещё раз.
> 我又按了一次冲水。

< Бесконечно чёрная вода смывает мою фишку.
> 黑水汩汩卷走那枚筹码。

< Смывает все мои надежды.
> 也卷走我所有的希望。

< Заливает моё сознание тьмой.
> 把意识泡进一片漆黑里。

< — Не могли бы вы ещё немного покружить по городу, а потом отвезти меня обратно в гостиницу?
> ——能不能再在城里转转，然后送我回旅馆？

< — А какой адрес у гостиницы?
> ——旅馆地址是？

< Я с трудом вспоминаю адрес и называю его.
> 我费力回想，报了个地址。

< — А, хорошо. Я просто тоже где-то там живу, завезу вас и поеду домой.
> ——哦，巧了，我也住那一带。顺路送你，我再回家。

< Как всё удачно складывается. Два хороших человека вернутся сегодня в свои дома, лягут в мягкие кроватки и сладко уснут в тепле и уюте.
> 多顺啊。两个正经人今天要各回各家，钻进软被窝，暖洋洋一觉睡到天亮。

< Как давно я стал считать гостиницу своим домом?
> 不知从何时起，我把旅馆当成了家？

< Наверное, с тех пор, как лишился настоящего дома. С тех пор, как остался совсем один.
> 大概是从失去真正的家开始吧。从只剩我一个人的时候。

< — Вы же не наркоман, нет?
> ——您不是吸毒的吧？

< Этот вопрос ударяет меня как хлыст.
> 这问题像鞭子抽在脸上。

< Омский таксист в лоб спрашивает меня, не наркоман ли я.
> 鄂木斯克的出租车司机，当头直问：我吸不吸毒。

< Если бы я им не был, что бы я тогда делал в Омске?
> 我要是不吸，来鄂木斯克做什么？

< Наркоман ли я?
> 我吸毒吗？

< Конечно да.
> 当然了。

< — Конечно нет.
> ——当然没有。

< — Простите. Вы приезжий. Вы не представляете, какая у нас в Омске ситуация. Наркоманы просто заполонили улицы. Куда ни посмотришь, везде эти торчки. Ненавижу их.
> ——抱歉啊，您是外地人，不知道鄂木斯克成什么样了。瘾君子满街都是，哪儿哪儿都是，我一看就恶心。

< — Этот город болен. Серьёзно болен! И его не вылечить за один день. Нужна долгая, кропотливая работа. Каждый должен внести свой вклад!
> ——这城病得不轻，真重病！一天两天治不好，得长期下苦功。人人都要出一份力！

< — Я пытаюсь делать то, что могу. Я гоняю их. Я воспитываю их. Никто этого не замечает, но я упорно очищаю город.
> ——我能做的都在做。撵他们，管教他们。没人看见，可我一天天的，就是要把这城清理干净。

< — Вот, вы только посмотрите!
> ——您瞧瞧！

< Он указывает на тротуар. Там стоит, опёршись спиной о стену, неряшливо одетый парень и ждёт кого-то.
> 他指了指人行道。有个邋遢小伙靠墙站着，像在等谁。

< — Сейчас вы увидите, как это происходит.
> ——马上您就瞧见了。

< Таксист паркуется у тротуара за несколько машин до парня.
> 出租在前面几辆车后靠边停下。

< — Вы сейчас всё увидите.
> ——您这就全看见了。

< ... говорит он, наклоняясь и запуская руку под пассажирское сидение. Немного порывшись, он достаёт оттуда огромный фонарь.
> ……说着，他俯身把手伸到副驾座底下，摸了一会儿，拽出一只硕大无比的电筒。

< — 5 миллионов кандел. Здорово, правда? Слепит даже через закрытые веки.
> ——五百万坎德拉。够亮吧？闭眼都晃眼。

< Он опускает стекло, берёт фонарь наизготовку и ждёт.
> 他摇下车窗，攥着电筒，蓄势待发。

< Я перестаю понимать, что тут вообще происходит. У меня появляется плохое предчувствие.
> 我越发摸不清眼下是什么场面。心里隐隐发毛。

< — Идёт, гадина.
> ——来了，这畜生。

< Обернувшись, я с трудом различаю идущую по тротуару сгорбленную фигуру в тёмном плаще.
> 我回头，勉强辨出人行道上有个驼背，披着深色大衣，慢慢挪过来。

< Парень оживляется и идёт навстречу. Они встречаются прямо напротив нас.
> 墙边那小伙来了精神，迎上去。两人就在我们车旁碰了头。

< Эти двое что-то тихо говорят друг другу, потом чем-то обмениваются.
> 两人低声说几句，做了笔交换。

< Таксист врубает фонарь.
> 司机猛按开关。

< Ослепительно яркий луч прорезает темноту и освещает парочку на тротуаре.
> 雪亮的光柱撕开暗处，把人行道上那两人照得纤毫毕现。

< Я успеваю заметить пакет с белым порошком в руке одного из них.
> 我瞥见其中一人手里捏着包白粉。

< Парень разворачивается и быстро бежит прочь.
> 小伙转身便跑。

< — Вы видели это? Нет, вы это видели?
> ——您看见了吧？看见了吧？

< Таксист швыряет фонарь на сидение и рывком трогается с места.
> 司机把电筒往座上一扔，猛踩油门。

< Парень бросается в проулок. Такси поворачивает за ним, бешено визжа тормозами.
> 小伙窜进小巷。出租车紧随其后拐进去，刹车尖啸。

< — От меня не убежишь!
> ——跑？跑得了吗！

< Болтаясь на заднем сидении, я чувствую себя мелкой щепкой, невесть как оказавшейся в бушующем море.
> 在后座被颠来倒去，我就像一片木屑，不知怎的卷进了怒涛里。

< Свет фар выхватывает из темноты спину парня, бегущего через неосвещённый двор.
> 车灯从暗处抓出那人的背影，他正穿过无灯的院子。

< Внезапно его нога проваливается в яму, и он кубарем летит вниз.
> 忽然一脚踏空，整个人栽了下去，翻了好几个筋斗。

< Он громко кричит и катается по земле, схватившись за колено.
> 他惨叫一声，抱着膝盖在地上打滚。

< — Попался!
> ——逮住了！

< ...радостно кричит таксист и тормозит. Невесть откуда в его руках появляется бита, и он выскакивает наружу.
> ……司机欢叫一声，刹停。不知哪儿来的球棒已在手里，他蹿下车。

< Подбежав к парню, он широко размахивается. Парень в ужасе прикрывает своими руками голову.
> 他扑向那小伙，球棒抡圆了。对方骇然抱头。

< Таксист наносит сокрушающий удар по колену.
> 司机一棒砸向膝上。

< Потом ещё один.
> 又是一棒。

< И ещё один.
> 再一棒。

< У меня внутри всё холодеет. Во что я опять вляпался? Зачем я здесь?
> 心底一点点发凉。我又搅进什么烂事里了？我凭什么在这儿？

< Не в силах вынести творящееся в свете фар, закрываю глаза.
> 车灯底下那场面我看不下去，闭上了眼。

< Я же просто хотел доехать до гостиницы на такси.
> 我不过是想打车回旅馆。

< Почему дерьмо так и липнет ко мне?
> 怎么什么烂事都黏上我？

< Хлопает дверца машины. Таксист вернулся.
> 车门砰的一声。司机回来了。

< Несколько минут он сидит неподвижно.
> 他坐着，好几分钟一动不动。

< — Простите, я не собирался впутывать вас в наши проблемы.
> ——不好意思，本来没想把您卷进来。

< — НО ВЫ ЖЕ ВИДЕЛИ ЭТО?
> ——可您看见了吧？

< На всякий случай я киваю.
> 我试探着点了下头。

< Таксист включает задний ход и медленно выезжает из проулка.
> 司机挂倒挡，缓缓倒出小巷。

< Я поворачиваю голову направо и вижу, как в нескольких кварталах от нас по улице с огромной скоростью мчится большой чёрный джип.
> 我扭头向右，几街区外，一辆黑色大吉普正沿街狂飙。

< Водитель джипа врубает дальний свет, ослепляя нас ксеноном.
> 吉普司机开了远光，氙灯晃得人睁不开眼。

< — Чёрт, это подстава!
> ——操，这是圈套！

< Такси резко разворачивается и с визгом трогается с места. Меня вжимает в сидение.
> 出租急拐，轮胎尖叫着蹿出去。人把我压进座位里。

< Внезапно сильный удар кидает меня вперёд.
> 猝不及防，重重一撞，我往前栽。

< Я оборачиваюсь и вижу джип, сминающий зад нашей машины.
> 回头一看，吉普顶上了我们的车尾，整个瘪进去。

< Таксист нажимает на газ, и мы отрываемся на несколько метров.
> 司机一脚油门，我们蹿出去几米。

< Джип сдаёт чуть вбок, стекло со стороны пассажира опускается, и я вижу, как оттуда высовывается рука, сжимающая оружие.
> 吉普略偏，副驾窗降下，一只手握枪探出来。

< — Пистолет!
> ——有枪！

< ...кричу я, падая на сидение и сжимаясь.
> ……我嚷一声，瘫坐下去，缩成一团。

< Таксист круто дёргает руль, нас бросает в сторону джипа.
> 司机方向盘猛打死，车朝吉普贴过去。

< Я слышу выстрел. Заднее стекло разлетается вдребезги, осыпая меня градом осколков.
> 枪响了。后窗炸碎，玻璃渣如雨泼我一身。

< — Ах ты!
> ——妈的！

< Он пригибается и лезет рукой куда-то под приборную панель.
> 他俯身，手探向仪表盘底下。

< Через секунду он извлекает оттуда металлический предмет. Полированная поверхность тускло поблёскивает в свете уличных фонарей.
> 下一秒掏出件铁家伙，抛光的面在路灯下幽幽反光。

< — Держи!
> ——接着！

< Он кидает предмет мне.
> 他扔了过来。

< Я ловлю его, не думая. Подношу к глазам и с удивлением понимаю, что это пистолет.
> 我下意识接住，举到眼前——竟是把手枪。

< Когда же это всё кончится?
> 这到底什么时候是个头？

< — Но я не...
> ——可我不会……

< — Стреляй!
> ——开枪！

< — Но...
> ——可是……

< — Если хочешь жить — стреляй!
> ——想活命就开枪！

< Со стороны джипа раздаётся ещё один выстрел.
> 吉普那边又响一枪。

< Я лихорадочно осматриваю оружие, снимаю его с предохранителя и передёргиваю затвор.
> 我手忙脚乱地摸索枪身，解除保险，拉动枪机。

< Поднимаю руку с оружием и стреляю назад.
> 举枪，朝后还击。

< Пистолет оказывается гораздо тяжелее, чем я думал.
> 枪比想象的沉得多。

< — Целься в водителя!
> ——瞄司机！

< Я приподнимаюсь на сидении, осколки стекла сыпятся с меня во все стороны.
> 我在座上挺直身，碎玻璃叮当往下掉。

< Джип по прежнему следует за нами неотрывно.
> 吉普仍死死咬着不放。

< Навожу оружие на него и стреляю.
> 我举枪对准，开火。

< В центре тонированного лобового стекла появляется дырочка.
> 深色前挡风中央，多了一个洞。

< Как просто...
> 原来这么容易……

< Пытаюсь прицелиться туда, где должен сидеть водитель, но тут таксист резко поворачивает, и мой очередной выстрел уходит куда-то в сторону тротуара.
> 我想瞄驾驶位，司机猛打方向，下一发子弹不知飞哪儿去了，怕是冲着人行道去的。

< Только бы там не было прохожих.
> 只求可别打着路人。

< Джип поворачивает за нами и быстро настигает нас.
> 吉普拐过来，眨眼又追上来。

< Я смотрю на стремительно сокращающееся расстояние между машинами, выбирая удобный момент.
> 我盯着两车间缩短的间距，等候时机。

< Выстрел.
> 扣扳机。

< Сначала кажется, что я опять промазал. Но потом джип теряет скорость и медленно уходит к разделительной полосе.
> 好像又打偏了。可吉普随即慢下来，缓缓往隔离带靠。

< Большая чёрная машина цепляется за ограждение, разворачивается и заваливается на бок. Из под неё летит сноп искр.
> 黑色巨兽刮上护栏，打着旋翻倒，车底迸出一串火花。

< Потрясённый, я сползаю вниз.
> 我一阵恍惚，整个人软下去。

< Я только что убил человека. Может, даже и не одного.
> 我刚杀了人。也许还不止一个。

< От этой мысли внутри всё холодеет.
> 这念头让心口更冷。

< Таксист ещё несколько раз поворачивает, потом сбавляет скорость и в конце концов останавливается.
> 司机又连拐几个弯，渐缓，终于停住。

< — Вы молодец.
> ——您可真行。

< ...произносит он обыденным голосом. Кажется, произошедшее только что нисколько не нарушило его спокойствия.
> ……语气平淡，像什么都没发生过。

< — Я был рад оказаться с вами... в одной машине.
> ——很高兴……能跟您同乘一程。

< Его голос слабеет. Голова опускается вниз и утыкается в руль.
> 声音越来越弱。头耷下去，抵在方向盘上。

< — БИИИИИИИИИИИИИИИИИИИИИИИИИ
> ——嘀——————

< ...отвратительно громко гудит сигнал.
> ……喇叭歇斯底里地长鸣。

< Не веря в то, что я вижу и слышу, протягиваю руку и тормошу таксиста.
> 我不敢信眼前这一切，伸手去推司机。

< Вся моя ладонь оказывается в крови.
> 满手都是血。

< Неужели это происходит на самом деле?
> 这是真的吗？

< Осторожно сдвигаю мёртвую голову с сигнала, открываю дверцу машины и вылезаю наружу.
> 我小心把那颗死者的头从喇叭上移开，推门下车。

< Покачиваясь на ватных ногах, прячу пистолет в карман плаща и осматриваю пустынную улицу.
> 腿软着站稳，把枪塞进大衣口袋，四顾空街。

< Я знаю, где я.
> 我知道这是哪儿。

< За углом находится вход в гостиницу.
> 拐弯就是旅馆大门。

< Он довёз меня до пункта назначения.
> 他还真是把我送到了。

< — Спасибо.
> ——谢谢啊。

< Я захожу в свой номер.
> 我进了房间。

< Заперев дверь, сползаю на пол и закрываю лицо ладонями.
> 反锁上门，我顺墙滑坐下去，双手捂脸。

< — Он начал... употреблять ещё в школе. И ненавидел себя за это.
> ——他从中学就开始吸了。自己也恨自己。

< — Со временем, он убедил себя в том, что он избранный. И его миссия — очистить город.
> ——后来呢，他认定自己是天选之人，使命是净化这座城。

< — Особенно жестоко он расправлялся с попадавшимися ему детьми.
> ——碰上街上的瘾君子，他下手特别狠。

< — Он не хотел, чтобы с ними произошло то же самое, что и с ним. Поэтому и избивал их до полусмерти.
> ——又怕他们走他的老路，于是往死里打，打到半死不活。

< — Логично, не правда ли?
> ——挺合理，是吧？

< — Замолчи.
> ——闭嘴。

< — Тебе его жалко?
> ——你可怜他吗？

< — Не знаю.
> ——不知道。

< Я убираю руки от лица и смотрю на собеседника. Птица сидит в кресле и смотрит на меня жёлтыми огнями глаз.
> 我放下手，看向对话者。鄂木斯克之鸟栖在椅里，黄眼如两簇鬼火。

< — Этот город безумен. Ты свела их всех с ума.
> ——这城疯了。是你把他们逼疯的。

< — Я не делала ничего, чего они сами бы не хотели.
> ——我不过是成全他们心底的渴望。

< — Ты упиваешься своей властью. И тебе всё мало. Ты хочешь сожрать ещё и мою душу.
> ——你贪权，欲壑难填，还想连我的灵魂一并吞了。

< — Я всего лишь помогу тебе осуществить мечты.
> ——我只是在帮你圆梦。

< — Нет. Меня ты не получишь.
> ——不。你休想摆布我。

< Три красных хохолка начинают мелко трястись.
> 三簇红羽微微发颤。

< — Поверь, рано или поздно ты сам ко мне придёшь.
> ——信我，早晚你会自己找上门来。

< — Я уже здесь. И вот что я сделаю.
> ——我已经来了。我要做的，是这个。

< Я засовываю руку в карман и достаю оттуда пистолет.
> 我伸手进口袋，摸出那把手枪。

< Птица насмешливо клокочет.
> 鸟发出一声讥诮的咯咯。

< — Ты не сможешь убить меня этим.
> ——这玩意儿杀不了我。

< Я победно улыбаюсь. Наконец-то я всё понял.
> 我胜利地笑了。我终于想通了。

< Наконец-то я нашёл способ покинуть Омск.
> 我终于摸清离开鄂木斯克的路。

< Спасибо тебе, таксист, что подсказал мне!
> 还要多谢那位司机点拨！

< Благодаря тебе я узнал, где находится путь на свободу.
> 多亏你，我知道自由在哪条路上。

< Он в этом пистолете.
> 就在这把枪里。

< Я приставляю пистолет к
> 我把枪口抵在

< сердцу
> 胸口

< Я приставляю пистолет к сердцу и нажимаю на спуск.
> 我把枪抵在胸口，扣动了扳机。

< виску
> 太阳穴

< Я приставляю пистолет к виску и нажимаю на спуск.
> 我把枪抵在太阳穴上，扣动了扳机。

< нёбу
> 上腭

< Я засовываю дуло пистолета в рот и нажимаю на спуск.
> 我把枪管塞进嘴里，扣动扳机。

< Глаза Птицы вспыхивают адским пламенем, и она издаёт протяжный вой.
> 鸟眼腾起地狱之火，拖出一声长嚎。

< Она понимает, что я её победил.
> 它知道我赢了。

< Я вырвался на свободу.
> 我自由了。

< Да, я сделал мало хорошего за свою жизнь.
> 是，一辈子没干过几件像样的好事。

< Да, я многое не успел.
> 是，许多事也来不及做了。

< Надеюсь, Надя поймёт меня.
> 希望娜佳能懂。

< Поймёт мой выбор.
> 能懂我的选择。

< Я выбрал свободу.
> 我选的是自由。

< В последние мгновения своей жизни я счастлив.
> 生命尽头这几秒，我竟是幸福的。

< — Братик, братик, очнись! Очнись, я сказала!
> ——哥，哥，醒醒！醒醒，听见没有！

< Я пытаюсь открыть глаза. Господи, как же болит голова!
> 我拼命睁眼。天啊，头要炸开了！

< — Ну давай, давай. Вот, попей водички.
> ——来，快，张嘴。喝点水。

< Она суёт мне в зубы стакан с водой. Я через силу глотаю.
> 她把杯子凑到我嘴边。我艰难咽下一口。

< Глаза наконец открываются. Я лежу в кровати в своей комнате. Надя сидит на мне с встревоженным лицом.
> 眼终于睁开。我在自己房间的床上。娜佳骑坐在我身上，满脸忧色。

< — Я хочу, чтобы ты перестал принимать всякую дрянь. Ну сколько можно-то?
> ——你得戒掉那些乱七八糟的。到底还要拖到什么时候？

< Как же я рад видеть родное лицо!
> 看见这张熟悉的脸，我简直如释重负！

< Остатки кошмара всё ещё висят в моём сознании. Если бы Надю украли у меня в реальности, я бы этого не пережил.
> 梦魇的尾巴还拖在意识里。娜佳若在现实里也被夺走，我怕是活不下去。

< — Договорились?
> ——答应吗？

< Я резко поднимаюсь и обнимаю её.
> 我猛地起身抱住她。

< — Да. Больше никогда не буду.
> ——嗯。再也不碰了。

< — Честно?
> ——说话算话？

< — Честно-честно. Хочешь, докажу?
> ——算话，真算话。要不要我当场证明？

< Я беру с тумбочки мобилу и звоню по первому номеру из истории.
> 我从床头柜抓起手机，拨通话记录里第一个号码。

< — Привет, Семён.
> ——喂，谢苗。

< — Привет. Слушай, я, наверное, не смогу работать у тебя. Продажник из меня никакой.
> ——嗨。那个，你那儿的工作我怕接不了。推销我真不行。

< — Ты уверен? Ты можешь заработать реальные деньги.
> ——确定？这可是正经钱。

< — Да, уверен. Я боюсь, что подведу тебя. Лучше даже не начинать. Без обид?
> ——确定。怕耽误你，不如别开头。别介意啊？

< — Без обид. Сотри мой номер из своего телефона.
> ——没事。把我号删了吧。

< — Ладно. Добра тебе.
> ——行。保重。

< — И тебе.
> ——你也是。

< Я кладу телефон и смотрю на Надю.
> 我放下电话，看着娜佳。

< — Ну вот видишь, теперь я свободен.
> ——瞧，现在我自由了。

< — Ура! А чем ты будешь заниматься?
> ——太好啦！接下来呢？

< — Мы что-нибудь придумаем. Мы с тобой начинаем сегодня новую жизнь.
> ——办法总会有的。从今天起，咱开始新生活。

< — Ура! Я люблю новую жизнь!
> ——好耶！我爱新生活！

< Мы смеёмся и обнимаемся.
> 两人又笑又抱。

< Целый прекрасный мир ждёт нас!
> 整个世界都在等我们！

< Мы свободны!
> 我们自由了！

< Омск.
> 鄂木斯克。

< Серое осеннее утро.
> 灰蒙蒙的秋日清晨。

< К больнице подъезжает, громко гудя мотором, «скорая помощь» и останавливается у дверей.
> 救护车轰着引擎驶到医院门前停下。

< Через десять минут два санитара вывозят на каталке неподвижного человека и грузят его в машину.
> 十分钟后，两名护工推出一具一动不动的人，装上担架抬进车里。

< Закончив с этим, они возвращаются ко входу в приёмный покой и закуривают.
> 活干完，两人回到急诊入口，点烟。

< — Куда его везут?
> ——往哪儿送？

< — В хоспис.
> ——临终关怀医院。

< — А что с ним?
> ——怎么了？

< — Огнестрельное ранение в голову.
> ——枪打脑袋。

< — Надо же. И выжил?
> ——哟。还活着？

< — Так это ж разве жизнь? Овощ овощем.
> ——那也叫活着？跟个植物人没两样。

< — А зачем его тогда в хоспис?
> ——那还送临终关怀干嘛？

< — Говорят, за него заплатили на 10 лет вперёд.
> ——听说有人一次性预付了十年。

< — Богатые родственники, наверное.
> ——有钱亲戚吧。

< — Кто его знает. Говорят, заплатило анонимное лицо. Может, тот, кто его и грохнул.
> ——谁知道。匿名付的款。说不定就是开枪那位。

< Они надолго замолкают.
> 两人沉默良久。

< — Если у человека есть душа, то где она у него сейчас?
> ——人要是有灵魂，这会儿它在哪儿？

< — Не знаю. Может, витает себе в придуманных мирах и знать не знает, что там с телом случилось.
> ——说不准。说不定正游荡在哪个虚构世界里，压根不知道身子已经成了这样。

< — Сон длиною во всю жизнь.
> ——一梦睡一辈子。

< — Типа того.
> ——差不多那意思。

< Они молча докуривают и заходят в здание.
> 烟抽完，两人默默回楼里。

< Выходит водитель, заводит машину и неторопливо отъезжает.
> 司机上车，发动，缓缓离去。

< С ветки взлетает странная красная птица и взмывает ввысь.
> 枝头上腾起一只怪异的赤鸟，直冲云霄。

< Она летит всё выше и выше, пока её тень не накрывает весь город.
> 越飞越高，直到影子罩住整座城市。

< Никто не может выйти из её тени.
> 无人能逃出这片阴影。

< Никто.
> 无人。

< КОНЕЦ
> 终

< Чемоданчик
> 手提箱

< Прибытие
> 抵达

< Гостиница
> 旅馆

< Сон
> 梦

< Такси
> 出租车

< Птичья гавань
> 鸟港

< Автобус
> 公交

< Купе
> 包厢

< Омич
> 鄂木人


# whitespace-collapsed aliases
< - Первая партия горожан – среди них представители власти – отправится в рейс. От одной остановки до другой. Других остановок просто нет.
> - 第一批市民——里头有当官的——会坐上一趟。从这一站到下一站。别的站，根本没有。

< Он сошел с ума. Они все ненормальные.
> 他疯了。他们全不正常。

< Что ж, мне нечего терять.
> 罢了，我也没什么可输。

< Вспоров пакет, я закидываюсь мескалином. Несколькими миллиграммами больше или меньше – никто и не заметит.
> 袋口划开，我把麦司卡林吞下。多几毫克少几毫克——没人会察觉。

< Комната, кажется, трясется и дрожит от движения.
> 房间仿佛在晃，随某种运动而发抖。

< Кровь и субстанция многих рас…
> 许多种族的血与质料……

< ...Негритянской, Полинезийской, Горно-Монгольской,...
> ……黑人血统、波利尼西亚、高山蒙古……

< ...Пустынно-Кочевнической, Полиглото-Ближневосточной, Индейской,...
> ……沙漠游牧、多语近东、印第安……

< ...- рас, еще не придуманных и не рожденных, комбинаций, доселе неосуществленных,...
> ……种族，有的尚未被发明，有的尚未降生；组合，至今未曾实现……

< ...вырастают из гениталий, обширные ракообразные насиживают внутри яйца...
> ……从生殖器里长出来；巨大的甲壳类在卵内孵化……

< ...и проламывают скорлупу тела через Тихий океан в каноэ с выносными уключинами...
> ……破壳而出，乘带舷外撑杆的独木舟越过太平洋……

< ...к Острову Пасхи.
> ……前往复活节岛。

< Сложносоставной Город где все человеческие потенциалы разложены на огромном молчащем рынке.
> 复合之城：人类一切潜能，摊开在巨大而沉默的市集上。

< Минареты, пальмы, горы, джунгли...
> 宣礼塔、棕榈、山峦、丛林……

< ...Вялая река, кишащая злобной рыбой,..
> ……一条懒洋洋的河，游着凶恶的鱼……

< ...Широкие, заросшие сорняками парки, где мальчишки валяются в траве, играют в загадочные игры.
> ……宽阔、杂草丛生的公园里，男孩们躺在草地上，玩着谜一样的游戏。

< Ни единой запертой двери во всем Городе.
> 整座城里，没有一扇锁着的门。

< ...мой голос - будто со дна жестяной бочки в саду, там жили плавунцы, я топил их соломинкой. Тогда, в детстве. Которого, может быть, никогда не было.
> ……我的声音像是从花园铁桶底传来的；桶里漂着孑孓，我用吸管把它们淹死。那时，在童年——那童年，也许从未存在。

< - Омская птица. Я – Омская Птица.
> - 鄂木斯克之鸟。我是鄂木斯克之鸟。

< - Пять, четыре, три – у тебя внутри. Два-один-ноль - собственная боль.
> - 五、四、三——在你体内。二、一、零——属于你自己的痛。

# --- short store values used in comparisons / interpolation ---
< есть
> 有

< нет
> 没有

< сердце
> 心脏

< висок
> 太阳穴

< рот
> 嘴
